Workbook

Sheet Raw_Data
A1: student_id | B1: age | C1: gender | D1: year_of_study | E1: major_category | F1: daily_sleep_hours | G1: daily_screen_time_hours | H1: physical_activity_days_per_week | I1: phq9_score | J1: gad7_score | K1: perceived_stress_scale | L1: weekly_study_hours | M1: class_attendance_percent | N1: online_learning_satisfaction | O1: has_part_time_job | P1: financial_stress | Q1: semester_type | R1: cgpa | S1: gender_cleaned
A2: STU1001 | B2: 22 | C2: Female | D2: 3 | E2: Business | F2: 6.1 | G2: 4.1 | H2: 1 | I2: 17 | J2: 16 | K2: 26 | L2: 6.3 | M2: 63.9 | N2: 5 | O2: No | P2: 1 | Q2: Spring | R2: 2.46 | S2: Female
A3: STU1002 | B3: 19 | C3: M | D3: 2 | E3: Business | F3: 7 | G3: 2.3 | H3: 3 | I3: 9 | J3: 7 | K3: 19 | L3: 20.7 | M3: 78.5 | N3: 3 | O3: No | P3: 4 | Q3: Fall | R3: 2.98 | S3: Male
A4: STU1003 | B4: 23 | C4: Prefer not to say | D4: 3 | E4: STEM | F4: 5 | G4: 9.2 | H4: 1 | I4: 1 | J4: 2 | K4: 10 | L4: 17.1 | M4: 92.5 | N4: 5 | O4: No | P4: 3 | Q4: Spring | R4: 3.27 | S4: Prefer not to say
A5: STU1004 | B5: 23 | C5: Male | D5: 2 | E5: Humanities | F5: 3.8 | G5: 2 | H5: 6 | I5: 4 | J5: 6 | K5: 9 | L5: 25.2 | M5: 86.5 | N5: 3 | O5: Yes | P5: 2 | Q5: Spring | R5: 3.09 | S5: Male
A6: STU1005 | B6: 17 | C6: Female | D6: 5 | E6: Arts | F6: 5.8 | G6: 4.1 | H6: 0 | I6: 10 | J6: 6 | K6: 15 | L6: 4.6 | M6: 83.9 | N6: 5 | O6: Yes | P6: 3 | Q6: Spring | R6: 2.28 | S6: Female
A7: STU1006 | B7: 19 | C7: Female | D7: 2 | E7: Business | F7: 5.2 | G7: 5.8 | H7: 4 | I7: 5 | J7: 5 | K7: 8 | L7: 12.5 | M7: 78.4 | N7: 2 | O7: No | P7: 3 | Q7: Spring | R7: 2.69 | S7: Female
A8: STU1007 | B8: 22 | C8: Male | D8: 3 | E8: Humanities | F8: 4.3 | G8: 4.6 | H8: 4 | I8: 3 | J8: 3 | K8: 5 | L8: 20.8 | M8: 75.5 | N8: 4 | O8: No | P8: 3 | Q8: Fall | R8: 2.9 | S8: Male
A9: STU1008 | B9: 21 | C9: male | D9: 1 | E9: STEM | F9: 8.3 | G9: 5.3 | H9: 0 | I9: 27 | J9: 19 | K9: 28 | L9: 24.6 | M9: 71.2 | N9: 2 | O9: No | P9: 5 | Q9: Fall | S9: Male
A10: STU1009 | B10: 21 | C10: Female | D10: 2 | E10: STEM | F10: 6.8 | G10: 2.3 | H10: 1 | I10: 7 | J10: 8 | K10: 12 | L10: 32.7 | M10: 96 | N10: 5 | O10: No | P10: 4 | Q10: Spring | R10: 3.18 | S10: Female
A11: STU1010 | B11: 20 | C11: Female | D11: 4 | E11: STEM | F11: 6.6 | G11: 5.9 | H11: 2 | I11: 6 | J11: 7 | K11: 13 | L11: 20.8 | M11: 97.1 | N11: 5 | O11: No | P11: 4 | Q11: Fall | R11: 3.11 | S11: Female
A12: STU1011 | B12: 23 | C12: Male | D12: 3 | E12: STEM | F12: 6.1 | G12: 1.1 | H12: 5 | I12: 8 | J12: 6 | K12: 7 | L12: 31.6 | M12: 65.6 | N12: 3 | O12: No | P12: 3 | Q12: Spring | R12: 2.85 | S12: Male
A13: STU1012 | B13: 23 | C13: Male | D13: 2 | E13: Arts | F13: 5.2 | G13: 9.1 | H13: 3 | I13: 4 | J13: 5 | K13: 10 | L13: 11.5 | M13: 89 | N13: 3 | O13: Yes | P13: 5 | Q13: Spring | R13: 2.43 | S13: Male
A14: STU1013 | B14: 22 | C14: female | D14: 5 | E14: Business | F14: 8.2 | G14: 1 | H14: 3 | K14: 21 | L14: 24.5 | M14: 71.8 | N14: 4 | O14: No | P14: 2 | Q14: Spring | R14: 3.13 | S14: Female
A15: STU1014 | B15: 24 | C15: Male | D15: 4 | E15: Health Sciences | F15: 6.4 | G15: 2.9 | H15: 4 | I15: 7 | J15: 5 | K15: 15 | L15: 11.4 | M15: 86.2 | N15: 3 | O15: No | P15: 2 | Q15: Spring | R15: 3.1 | S15: Male
A16: STU1015 | B16: 22 | C16: Male | D16: 2 | E16: Social Sciences | F16: 7.6 | G16: 4.1 | H16: 4 | I16: 6 | J16: 6 | K16: 10 | L16: 18.9 | M16: 75.7 | N16: 4 | O16: No | P16: 1 | Q16: Spring | R16: 4.1 | S16: Male
A17: STU1016 | B17: 20 | C17: Male | D17: 3 | E17: STEM | F17: 5.5 | G17: 8.8 | H17: 3 | I17: 27 | J17: 19 | K17: 27 | L17: 1.5 | M17: 97.8 | O17: No | P17: 3 | Q17: Summer | R17: 2.37 | S17: Male
A18: STU1017 | B18: 22 | C18: Female | D18: 3 | E18: STEM | F18: 5.9 | G18: 2 | H18: 3 | I18: 4 | J18: 4 | K18: 11 | L18: 15.4 | M18: 75.3 | N18: 3 | O18: Yes | P18: 3 | Q18: Fall | R18: 3.37 | S18: Female
A19: STU1018 | B19: 19 | C19: Female | D19: 3 | E19: Health Sciences | F19: 4.6 | G19: 7.3 | H19: 4 | I19: 3 | J19: 1 | K19: 1 | L19: 23.7 | M19: 85.9 | N19: 2 | O19: Yes | P19: 4 | Q19: Spring | R19: 2.99 | S19: Female
A20: STU1019 | B20: 23 | C20: Female | D20: 2 | E20: STEM | F20: 4.5 | G20: 1 | H20: 2 | I20: 7 | J20: 9 | K20: 17 | L20: 11.9 | M20: 92 | N20: 5 | O20: No | P20: 3 | Q20: Fall | R20: 2.78 | S20: Female
A21: STU1020 | B21: 21 | C21: Male | D21: 2 | E21: Arts | F21: 6.4 | G21: 2.8 | H21: 5 | I21: 4 | J21: 3 | K21: 8 | L21: 17.5 | M21: 66.7 | N21: 2 | O21: No | P21: 1 | Q21: Spring | R21: 2.73 | S21: Male
A22: STU1021 | B22: 21 | C22: Male | D22: 4 | E22: STEM | F22: 7.1 | G22: 1 | H22: 0 | I22: 7 | J22: 9 | K22: 19 | L22: 26.8 | M22: 80 | N22: 4 | O22: Yes | P22: 4 | Q22: Spring | R22: 3.29 | S22: Male
A23: STU1022 | B23: 20 | C23: M | D23: 4 | E23: Social Sciences | F23: 4.5 | G23: 4.3 | H23: 1 | I23: 2 | J23: 2 | K23: 2 | L23: 14.1 | M23: 72.7 | N23: 2 | O23: No | P23: 5 | Q23: Spring | R23: 2.88 | S23: Male
A24: STU1023 | B24: 24 | C24: Female | D24: 4 | E24: Health Sciences | F24: 6.4 | G24: 2.4 | H24: 4 | I24: 13 | J24: 9 | K24: 20 | L24: 14.7 | M24: 69.3 | N24: 2 | O24: Yes | P24: 2 | Q24: Spring | R24: 2.96 | S24: Female
A25: STU1024 | B25: 21 | C25: Female | D25: 5 | E25: STEM | F25: 6.5 | G25: 2.6 | H25: 2 | I25: 25 | J25: 21 | K25: 31 | L25: 12.8 | M25: 62.4 | N25: 1 | O25: No | P25: 2 | Q25: Spring | R25: 2.26 | S25: Female
A26: STU1025 | B26: 21 | C26: Non-binary | D26: 4 | E26: STEM | F26: 3 | G26: 10.6 | H26: 1 | I26: 4 | J26: 7 | K26: 10 | L26: 13.2 | M26: 97.3 | N26: 3 | O26: No | P26: 2 | Q26: Fall | R26: 3.06 | S26: Non-binary
A27: STU1026 | B27: 21 | C27: male | D27: 4 | E27: Law | F27: 5.3 | G27: 2.9 | H27: 1 | I27: 3 | J27: 4 | K27: 5 | L27: 19 | M27: 73.8 | N27: 4 | O27: Yes | P27: 3 | Q27: Spring | R27: 2.88 | S27: Male
A28: STU1027 | B28: 23 | C28: Male | D28: 4 | E28: STEM | F28: 6.5 | G28: 9.7 | H28: 3 | K28: 11 | L28: 21.1 | M28: 88.4 | N28: 3 | O28: No | P28: 2 | Q28: Fall | R28: 3.31 | S28: Male
A29: STU1028 | B29: 22 | C29: Female | D29: 3 | E29: Business | F29: 7.1 | G29: 2.3 | H29: 4 | I29: 3 | J29: 3 | K29: 10 | L29: 13.2 | M29: 83.8 | N29: 4 | O29: No | P29: 3 | Q29: Summer | R29: 2.96 | S29: Female
A30: STU1029 | B30: 22 | C30: Female | D30: 2 | E30: Business | F30: 4.5 | G30: 4.6 | H30: 0 | I30: 3 | J30: 4 | K30: 14 | L30: 34.4 | M30: 66.7 | N30: 4 | O30: No | P30: 4 | Q30: Spring | R30: 3.31 | S30: Female
A31: STU1030 | B31: 22 | C31: Female | D31: 2 | E31: STEM | F31: 6 | G31: 4.2 | H31: 0 | I31: 14 | J31: 10 | K31: 22 | L31: 11.7 | M31: 80 | N31: 2 | O31: Yes | P31: 3 | Q31: Spring | R31: 3.32 | S31: Female
A32: STU1031 | B32: 26 | C32: M | D32: 3 | E32: Social Sciences | F32: 7.5 | G32: 8.6 | H32: 3 | I32: 3 | J32: 6 | K32: 8 | L32: 27.2 | M32: 63.4 | N32: 1 | O32: Yes | P32: 3 | Q32: Summer | R32: 2.78 | S32: Male
A33: STU1032 | B33: 21 | C33: Female | D33: 2 | E33: Social Sciences | F33: 6.9 | G33: 6.7 | H33: 6 | I33: 2 | J33: 2 | K33: 4 | L33: 11.1 | M33: 90.5 | N33: 4 | O33: No | P33: 1 | Q33: Spring | R33: 3.34 | S33: Female
A34: STU1033 | B34: 20 | C34: male | D34: 2 | E34: Business | F34: 6.1 | G34: 3.4 | H34: 2 | I34: 6 | J34: 9 | K34: 9 | L34: 18.1 | M34: 67.4 | N34: 4 | O34: No | P34: 5 | Q34: Spring | R34: 2.28 | S34: Male
A35: STU1034 | B35: 20 | C35: M | D35: 3 | E35: Health Sciences | F35: 5.4 | G35: 6.6 | H35: 6 | I35: 4 | J35: 4 | K35: 14 | L35: 28.3 | M35: 84.6 | N35: 3 | O35: No | P35: 3 | Q35: Fall | R35: 3.26 | S35: Male
A36: STU1035 | B36: 23 | C36: Female | D36: 2 | E36: STEM | F36: 4.8 | G36: 6.3 | H36: 5 | I36: 12 | J36: 10 | K36: 15 | L36: 26.7 | M36: 56.6 | N36: 2 | O36: No | P36: 3 | Q36: Fall | R36: 2.24 | S36: Female
A37: STU1036 | B37: 24 | C37: female | D37: 1 | E37: STEM | F37: 7.5 | G37: 2.1 | H37: 2 | I37: 6 | J37: 7 | K37: 16 | L37: 16.7 | M37: 80.9 | N37: 4 | O37: No | P37: 1 | Q37: Summer | R37: 2.97 | S37: Female
A38: STU1037 | B38: 21 | C38: Female | D38: 4 | E38: Humanities | F38: 5.7 | G38: 10.1 | H38: 4 | I38: 6 | J38: 6 | K38: 13 | L38: 18.8 | M38: 89.4 | N38: 1 | O38: Yes | P38: 4 | Q38: Summer | R38: 2.57 | S38: Female
A39: STU1038 | B39: 20 | C39: M | D39: 4 | E39: Law | F39: 6.6 | G39: 11.2 | H39: 4 | I39: 6 | J39: 5 | K39: 12 | L39: 24.3 | M39: 74.1 | N39: 4 | O39: No | P39: 5 | Q39: Spring | R39: 3.11 | S39: Male
A40: STU1039 | B40: 20 | C40: Female | D40: 1 | E40: STEM | F40: 6.3 | G40: 5.2 | H40: 3 | I40: 8 | J40: 7 | K40: 12 | L40: 15.6 | M40: 66.7 | N40: 2 | O40: No | P40: 1 | Q40: Fall | R40: 3.16 | S40: Female
A41: STU1040 | B41: 23 | C41: Female | D41: 1 | E41: STEM | F41: 8 | G41: 1.9 | H41: 2 | I41: 4 | J41: 6 | K41: 12 | L41: 25.9 | M41: 83.4 | O41: Yes | P41: 2 | Q41: Fall | R41: 2.73 | S41: Female
A42: STU1041 | B42: 23 | C42: Female | D42: 2 | E42: Humanities | F42: 6.4 | G42: 4.8 | H42: 4 | I42: 9 | J42: 7 | K42: 14 | L42: 29 | M42: 88.2 | N42: 3 | O42: Yes | P42: 2 | Q42: Summer | R42: 3.1 | S42: Female
A43: STU1042 | B43: 23 | C43: Male | D43: 4 | E43: Health Sciences | F43: 7.7 | G43: 2.3 | H43: 4 | I43: 5 | J43: 5 | K43: 9 | L43: 22.8 | M43: 45.7 | N43: 4 | O43: No | P43: 3 | Q43: Fall | R43: 2.8 | S43: Male
A44: STU1043 | B44: 20 | C44: Female | D44: 4 | E44: STEM | F44: 7.7 | G44: 2.8 | H44: 4 | I44: 3 | J44: 4 | K44: 11 | L44: 23.6 | M44: 100 | N44: 1 | O44: No | P44: 5 | Q44: Spring | R44: 3.8 | S44: Female
A45: STU1044 | B45: 22 | C45: female | D45: 1 | E45: Business | F45: 5.8 | G45: 2.1 | H45: 7 | I45: 0 | J45: 4 | K45: 6 | L45: 19.6 | M45: 90.9 | N45: 3 | O45: No | P45: 3 | Q45: Fall | R45: 3.2 | S45: Female
A46: STU1045 | B46: 22 | C46: Female | D46: 4 | E46: Social Sciences | F46: 4 | G46: 5.8 | H46: 3 | I46: 4 | J46: 4 | K46: 7 | L46: 6.9 | M46: 82 | N46: 2 | O46: Yes | P46: 3 | Q46: Fall | R46: 2.33 | S46: Female
A47: STU1046 | B47: 22 | C47: Male | D47: 1 | E47: Business | F47: 8.3 | G47: 2.6 | H47: 4 | I47: 4 | J47: 8 | K47: 13 | L47: 19.8 | M47: 75.6 | N47: 4 | O47: No | P47: 4 | Q47: Spring | R47: 3 | S47: Male
A48: STU1047 | B48: 23 | C48: Female | D48: 2 | E48: STEM | F48: 7.5 | G48: 1.3 | H48: 5 | I48: 1 | J48: 2 | K48: 6 | L48: 16.1 | M48: 53.2 | N48: 2 | O48: Yes | P48: 4 | Q48: Summer | R48: 3.28 | S48: Female
A49: STU1048 | B49: 22 | C49: Male | D49: 5 | E49: STEM | F49: 3.9 | G49: 4.7 | H49: 1 | I49: 3 | J49: 3 | K49: 10 | L49: 14 | M49: 91.8 | N49: 1 | O49: Yes | P49: 2 | Q49: Spring | R49: 3.08 | S49: Male
A50: STU1049 | B50: 23 | C50: Male | D50: 1 | E50: Business | F50: 5.5 | G50: 3.6 | H50: 0 | I50: 3 | J50: 4 | K50: 7 | L50: 31.5 | M50: 79.4 | N50: 4 | O50: No | P50: 2 | Q50: Spring | R50: 2.86 | S50: Male
A51: STU1050 | B51: 22 | C51: female | D51: 1 | E51: Business | F51: 7.4 | G51: 2.7 | H51: 2 | I51: 6 | J51: 3 | K51: 7 | L51: 13.5 | M51: 89.8 | N51: 1 | O51: No | P51: 3 | Q51: Spring | R51: 3.08 | S51: Female
A52: STU1051 | B52: 22 | C52: Female | D52: 2 | E52: Health Sciences | F52: 5.4 | G52: 10.1 | H52: 5 | I52: 4 | J52: 3 | K52: 14 | L52: 18.1 | M52: 76.9 | N52: 2 | O52: No | P52: 4 | Q52: Summer | R52: 2.86 | S52: Female
A53: STU1052 | B53: 23 | C53: Male | D53: 3 | E53: Social Sciences | F53: 5.3 | G53: 5.9 | H53: 2 | I53: 4 | J53: 4 | K53: 14 | L53: 23.7 | M53: 77.6 | O53: No | P53: 4 | Q53: Spring | R53: 2.85 | S53: Male
A54: STU1053 | B54: 18 | C54: Female | D54: 5 | E54: Social Sciences | F54: 7.9 | G54: 5.5 | H54: 4 | I54: 4 | J54: 7 | K54: 13 | L54: 11.9 | M54: 69.5 | N54: 4 | O54: No | P54: 4 | Q54: Spring | R54: 2.52 | S54: Female
A55: STU1054 | B55: 21 | C55: Male | D55: 5 | E55: Law | F55: 4.8 | G55: 6 | H55: 0 | I55: 3 | J55: 4 | K55: 8 | L55: 16.4 | M55: 96.9 | N55: 5 | O55: Yes | P55: 4 | Q55: Spring | R55: 2.81 | S55: Male
A56: STU1055 | B56: 21 | C56: Male | D56: 1 | E56: Business | F56: 4.7 | G56: 5.8 | H56: 2 | I56: 6 | J56: 5 | K56: 10 | L56: 25.6 | M56: 68.4 | N56: 3 | O56: Yes | P56: 2 | Q56: Fall | R56: 3.17 | S56: Male
A57: STU1056 | B57: 20 | C57: Non-binary | D57: 1 | E57: Business | F57: 6.6 | G57: 3.7 | H57: 3 | I57: 12 | J57: 12 | K57: 22 | L57: 13.7 | M57: 100 | N57: 3 | O57: No | P57: 3 | Q57: Fall | R57: 3 | S57: Non-binary
A58: STU1057 | B58: 21 | C58: Female | D58: 4 | E58: Arts | F58: 6.6 | G58: 2.6 | H58: 1 | I58: 20 | J58: 18 | K58: 25 | L58: 1.3 | M58: 100 | N58: 4 | O58: No | P58: 1 | Q58: Summer | R58: 2.4 | S58: Female
A59: STU1058 | B59: 25 | C59: Prefer not to say | D59: 2 | E59: STEM | F59: 6.3 | G59: 4.8 | H59: 5 | I59: 10 | J59: 11 | K59: 15 | L59: 25 | M59: 100 | N59: 2 | O59: Yes | P59: 5 | Q59: Spring | R59: 3.24 | S59: Prefer not to say
A60: STU1059 | B60: 20 | C60: Female | D60: 4 | E60: Social Sciences | F60: 7.5 | G60: 3.7 | H60: 1 | I60: 2 | J60: 2 | K60: 13 | L60: 12.4 | M60: 100 | N60: 4 | O60: Yes | P60: 3 | Q60: Fall | R60: 3.74 | S60: Female
A61: STU1060 | B61: 24 | C61: Female | D61: 3 | E61: Social Sciences | F61: 7.1 | G61: 1 | H61: 5 | I61: 8 | J61: 6 | K61: 13 | L61: 28.4 | M61: 75.8 | N61: 2 | O61: Yes | P61: 2 | Q61: Fall | R61: 3.11 | S61: Female
A62: STU1061 | B62: 18 | C62: male | D62: 1 | E62: STEM | F62: 7.3 | G62: 1.9 | H62: 1 | I62: 27 | J62: 21 | K62: 38 | L62: 12.9 | M62: 85.4 | N62: 5 | O62: Yes | P62: 1 | Q62: Summer | R62: 2.9 | S62: Male
A63: STU1062 | B63: 21 | C63: female | D63: 4 | E63: Business | F63: 6.3 | G63: 3.3 | H63: 7 | I63: 2 | J63: 4 | K63: 4 | L63: 25.8 | M63: 84 | N63: 4 | O63: No | P63: 4 | Q63: Spring | R63: 3.17 | S63: Female
A64: STU1063 | B64: 22 | C64: male | D64: 1 | E64: STEM | F64: 5.4 | G64: 7.8 | H64: 3 | I64: 17 | J64: 13 | K64: 24 | L64: 31.8 | M64: 56.2 | N64: 3 | O64: Yes | P64: 4 | Q64: Spring | R64: 2.52 | S64: Male
A65: STU1064 | B65: 23 | C65: F | D65: 2 | E65: STEM | F65: 5.9 | G65: 4.8 | H65: 0 | I65: 4 | J65: 6 | K65: 16 | L65: 12.6 | M65: 96.8 | N65: 3 | O65: No | P65: 4 | Q65: Fall | R65: 2.96 | S65: Female
... A72: STU1071 | B72: 19 | C72: Female | D72: 3 | E72: STEM | F72: 6.1 | G72: 6.8 | H72: 3 | I72: 3 | J72: 2 | K72: 4 | L72: 21.8 | M72: 63.2 | N72: 4 | O72: Yes | P72: 5 | Q72: Spring | R72: 2.82 | S72: Female
A73: STU1072 | B73: 19 | C73: F | D73: 1 | E73: STEM | F73: 6.9 | G73: 1.8 | H73: 3 | I73: 7 | J73: 5 | K73: 17 | L73: 23.2 | M73: 87.2 | O73: Yes | P73: 3 | Q73: Summer | R73: 3.44 | S73: Female
A74: STU1073 | B74: 20 | C74: Prefer not to say | D74: 4 | E74: STEM | F74: 8.8 | G74: 4.5 | H74: 4 | I74: 9 | J74: 7 | K74: 18 | L74: 20.8 | M74: 66.1 | N74: 2 | O74: Yes | P74: 3 | Q74: Spring | R74: 2.95 | S74: Prefer not to say
A75: STU1074 | B75: 23 | C75: Male | D75: 5 | E75: Arts | F75: 5.3 | G75: 4.8 | H75: 3 | I75: 7 | J75: 8 | K75: 13 | L75: 14.7 | M75: 57.3 | N75: 5 | O75: Yes | P75: 3 | Q75: Fall | R75: 2.51 | S75: Male
A76: STU1075 | B76: 22 | C76: male | D76: 2 | E76: Business | F76: 7.2 | G76: 1.9 | H76: 4 | K76: 7 | L76: 13.7 | M76: 86.9 | N76: 3 | O76: Yes | P76: 4 | Q76: Spring | R76: 2.55 | S76: Male
A77: STU1076 | B77: 23 | C77: male | D77: 2 | E77: STEM | F77: 6.6 | G77: 9.3 | H77: 7 | I77: 4 | J77: 3 | K77: 14 | L77: 22.7 | M77: 81.1 | N77: 3 | O77: No | P77: 4 | Q77: Spring | R77: 3.15 | S77: Male
A78: STU1077 | B78: 21 | C78: Female | D78: 2 | E78: Health Sciences | F78: 6.5 | G78: 4.9 | H78: 2 | I78: 4 | J78: 5 | K78: 9 | L78: 18 | M78: 86.5 | N78: 5 | O78: Yes | P78: 1 | Q78: Fall | R78: 3.22 | S78: Female
A79: STU1078 | B79: 22 | C79: Male | D79: 1 | E79: Business | F79: 10 | G79: 3.3 | H79: 0 | I79: 10 | J79: 6 | K79: 11 | L79: 13.4 | M79: 61.6 | N79: 3 | O79: No | P79: 2 | Q79: Fall | R79: 3.16 | S79: Male
A80: STU1079 | B80: 23 | C80: Male | D80: 3 | E80: STEM | F80: 6.3 | G80: 3.9 | H80: 1 | I80: 5 | J80: 6 | K80: 6 | L80: 23.9 | M80: 70.3 | N80: 5 | O80: No | P80: 5 | Q80: Spring | R80: 3.28 | S80: Male
A81: STU1080 | B81: 21 | C81: male | D81: 2 | E81: STEM | F81: 7.2 | G81: 1.6 | H81: 3 | I81: 2 | J81: 6 | K81: 7 | L81: 7.6 | M81: 42.4 | N81: 4 | O81: Yes | P81: 5 | Q81: Spring | R81: 2.85 | S81: Male
A82: STU1081 | B82: 22 | C82: Female | D82: 4 | E82: Social Sciences | F82: 5.6 | G82: 1.5 | H82: 2 | I82: 3 | J82: 4 | K82: 4 | L82: 14.7 | M82: 50.2 | N82: 4 | O82: No | P82: 5 | Q82: Spring | R82: 2.35 | S82: Female
A83: STU1082 | B83: 20 | C83: Prefer not to say | D83: 4 | E83: Health Sciences | F83: 5.4 | G83: 3.1 | H83: 5 | I83: 10 | J83: 8 | K83: 13 | L83: 16.7 | M83: 99.5 | O83: No | P83: 3 | Q83: Fall | R83: 2.93 | S83: Prefer not to say
A84: STU1083 | B84: 21 | C84: Female | D84: 4 | E84: STEM | F84: 6.3 | G84: 3.3 | H84: 3 | I84: 15 | J84: 12 | K84: 23 | L84: 16.9 | M84: 100 | N84: 1 | O84: No | P84: 4 | Q84: Fall | R84: 3.42 | S84: Female
A85: STU1084 | B85: 21 | C85: F | D85: 2 | E85: Arts | F85: 7.8 | G85: 3.7 | H85: 3 | I85: 4 | J85: 1 | K85: 7 | L85: 33 | M85: 82.3 | N85: 3 | O85: Yes | P85: 4 | Q85: Fall | R85: 3.07 | S85: Female
A86: STU1085 | B86: 19 | C86: Female | D86: 2 | E86: Health Sciences | F86: 5.8 | G86: 9.9 | H86: 4 | I86: 5 | J86: 6 | K86: 12 | L86: 20.9 | M86: 67.6 | N86: 1 | O86: No | P86: 2 | Q86: Spring | R86: 3.09 | S86: Female
A87: STU1086 | B87: 23 | C87: male | D87: 4 | E87: Health Sciences | F87: 7.3 | G87: 6.5 | H87: 1 | I87: 2 | J87: 10 | K87: 8 | L87: 23 | M87: 77.6 | N87: 1 | O87: No | P87: 2 | Q87: Spring | R87: 3.37 | S87: Male
A88: STU1087 | B88: 21 | C88: Male | D88: 4 | E88: STEM | F88: 6.5 | G88: 1 | H88: 4 | I88: 2 | J88: 3 | K88: 8 | L88: 19.7 | M88: 90.5 | N88: 4 | O88: Yes | P88: 5 | Q88: Spring | R88: 3.29 | S88: Male
A89: STU1088 | B89: 22 | C89: Female | D89: 3 | E89: STEM | F89: 5 | G89: 8.7 | H89: 0 | I89: 7 | J89: 6 | K89: 18 | L89: 17.5 | M89: 76.9 | N89: 4 | O89: Yes | P89: 1 | Q89: Spring | R89: 2.69 | S89: Female
A90: STU1089 | B90: 23 | C90: M | D90: 4 | E90: Health Sciences | F90: 9.3 | G90: 3.1 | H90: 3 | I90: 22 | J90: 18 | K90: 27 | L90: 6.6 | M90: 77.5 | N90: 2 | O90: Yes | P90: 3 | Q90: Fall | R90: 2.1 | S90: Male
A91: STU1090 | B91: 22 | C91: female | D91: 1 | E91: STEM | F91: 6.4 | G91: 6.9 | H91: 5 | I91: 6 | J91: 9 | K91: 14 | L91: 21.4 | M91: 85.7 | N91: 4 | O91: No | P91: 4 | Q91: Spring | S91: Female
A92: STU1091 | B92: 23 | C92: M | D92: 4 | E92: Humanities | F92: 5.3 | G92: 3.3 | H92: 4 | I92: 6 | J92: 8 | K92: 8 | L92: 11.1 | M92: 70 | N92: 5 | O92: Yes | P92: 4 | Q92: Summer | R92: 2.75 | S92: Male
A93: STU1092 | B93: 21 | C93: Male | D93: 1 | E93: Social Sciences | F93: 5.2 | G93: 4.7 | H93: 5 | I93: 6 | J93: 2 | K93: 15 | L93: 14.7 | M93: 70.1 | N93: 4 | O93: Yes | P93: 2 | Q93: Spring | R93: 2.8 | S93: Male
A94: STU1093 | B94: 21 | C94: Female | D94: 1 | E94: STEM | F94: 5.2 | G94: 1.7 | H94: 2 | I94: 6 | J94: 7 | K94: 11 | L94: 2.2 | M94: 86 | N94: 4 | O94: No | P94: 4 | Q94: Fall | R94: 2.33 | S94: Female
A95: STU1094 | B95: 21 | C95: Male | D95: 3 | E95: Health Sciences | F95: 7.4 | G95: 5.4 | H95: 4 | I95: 6 | J95: 11 | K95: 17 | L95: 7.4 | M95: 62.3 | N95: 4 | O95: No | P95: 2 | Q95: Spring | R95: 2.72 | S95: Male
A96: STU1095 | B96: 18 | C96: Male | D96: 1 | E96: Arts | F96: 5.4 | G96: 7.4 | H96: 3 | I96: 4 | J96: 6 | K96: 10 | L96: 27.3 | M96: 88 | N96: 2 | O96: Yes | P96: 4 | Q96: Fall | R96: 3.06 | S96: Male
A97: STU1096 | B97: 18 | C97: Non-binary | D97: 1 | E97: Social Sciences | F97: 6.8 | G97: 1.1 | H97: 3 | I97: 5 | J97: 3 | K97: 12 | L97: 21.6 | M97: 76.4 | N97: 3 | O97: Yes | P97: 2 | Q97: Fall | S97: Non-binary
A98: STU1097 | B98: 19 | C98: male | D98: 1 | E98: Business | F98: 6 | G98: 7.5 | H98: 0 | I98: 2 | J98: 4 | K98: 10 | L98: 28.8 | M98: 81.2 | N98: 5 | O98: No | P98: 4 | Q98: Fall | R98: 3.51 | S98: Male
A99: STU1098 | B99: 19 | C99: male | D99: 2 | E99: Health Sciences | F99: 7.3 | G99: 2.6 | H99: 1 | I99: 5 | J99: 3 | K99: 8 | L99: 32 | M99: 100 | N99: 4 | O99: No | P99: 4 | Q99: Fall | R99: 3.28 | S99: Male
A100: STU1099 | B100: 22 | C100: female | D100: 4 | E100: Humanities | F100: 4.3 | G100: 11.8 | H100: 3 | I100: 4 | J100: 7 | K100: 14 | L100: 23.3 | M100: 80.9 | N100: 4 | O100: No | P100: 2 | Q100: Fall | R100: 2.62 | S100: Female
A101: STU1100 | B101: 20 | C101: male | D101: 1 | E101: Social Sciences | F101: 4.8 | G101: 7 | H101: 0 | I101: 13 | J101: 9 | K101: 15 | L101: 13.7 | M101: 93.5 | N101: 5 | O101: No | P101: 2 | Q101: Spring | R101: 2.84 | S101: Male
A102: STU1101 | B102: 21 | C102: M | D102: 3 | E102: Health Sciences | F102: 6.5 | G102: 6.3 | H102: 4 | I102: 18 | J102: 14 | K102: 26 | L102: 8 | M102: 51.8 | N102: 2 | O102: Yes | P102: 4 | Q102: Fall | R102: 1.96 | S102: Male
A103: STU1102 | B103: 24 | C103: Male | D103: 4 | E103: Social Sciences | F103: 7 | G103: 3.9 | H103: 4 | I103: 1 | J103: 1 | K103: 5 | L103: 27.1 | M103: 80.4 | N103: 3 | O103: Yes | P103: 1 | Q103: Spring | R103: 3.18 | S103: Male
A104: STU1103 | B104: 21 | C104: Male | D104: 1 | E104: STEM | F104: 5.3 | G104: 16 | H104: 5 | K104: 9 | L104: 22.3 | M104: 81.6 | N104: 4 | O104: Yes | P104: 2 | Q104: Summer | R104: 2.82 | S104: Male
A105: STU1104 | B105: 23 | C105: Female | D105: 1 | E105: STEM | F105: 5.2 | G105: 3.1 | H105: 0 | I105: 12 | J105: 13 | K105: 17 | L105: 39.1 | M105: 100 | O105: Yes | P105: 3 | Q105: Spring | R105: 3.18 | S105: Female
A106: STU1105 | B106: 20 | C106: M | D106: 4 | E106: STEM | F106: 7.1 | G106: 2 | H106: 5 | I106: 6 | J106: 6 | K106: 12 | L106: 21.8 | M106: 59.5 | N106: 4 | O106: No | P106: 5 | Q106: Spring | R106: 3.51 | S106: Male
...

Sheet Clean_Data
A1: Student Mental Health - Hybrid Learning
A3: 1 | B3: 2 | C3: 3 | D3: 4 | E3: 5 | F3: 6 | G3: 7 | H3: 8 | I3: 9 | J3: 10 | K3: 11 | L3: 12 | M3: 13 | N3: 14 | O3: 15 | P3: 16 | Q3: 17 | R3: 18 | S3: 19 | T3: 20 | U3: 21 | V3: 22 | W3: 23 | X3: 24 | Y3: 25
A4: student_id | B4: age | C4: gender | D4: year_of_study | E4: major_category | F4: daily_sleep_hours | G4: daily_screen_time_hours | H4: physical_activity_days_per_week | I4: phq9_score | J4: gad7_score | K4: phq9_score_category | L4: perceived_stress_scale | M4: gad7_score_interpretation | N4: weekly_study_hours | O4: pss_category | P4: class_attendance_percent | Q4: online_learning_satisfaction | R4: attendance_band | S4: has_part_time_job | T4: financial_stress | U4: semester_type | V4: cgpa | W4: screen_time_band | X4: sleep_hour_band | Y4: gender_cleaned
A5: STU1001 | B5: 22 | C5: Female | D5: 3 | E5: Business | F5: 6.1 | G5: 4.1 | H5: 1 | I5: 17 | J5: 16 | K5: {=_xlfn.IFS(stdsurvey[[#This Row],[phq9_score]]="","Answer Not Provided",stdsurvey[[#This Row],[phq9_score]]<=4,"Minimal",stdsurvey[[#This Row],[phq9_score]]<=9,"Mild",stdsurvey[[#This Row],[phq9_score]]<=14,"Moderate",stdsurvey[[#This Row],[phq9_score]]<=19,"Moderately Severe",stdsurvey[[#This Row],[phq9_score]]<=27,"Severe")} -> Moderately Severe | L5: 26 | M5: {=_xlfn.IFS(stdsurvey[[#This Row],[gad7_score]]="","Answer Not Provided",stdsurvey[[#This Row],[gad7_score]]<=4,"Minimal",stdsurvey[[#This Row],[gad7_score]]<=9,"Mild",stdsurvey[[#This Row],[gad7_score]]<=14,"Moderate",stdsurvey[[#This Row],[gad7_score]]<=21,"Severe")} -> Severe | N5: 6.3 | O5: {=_xlfn.IFS(stdsurvey[[#This Row],[perceived_stress_scale]]="","Answer Not Provided",stdsurvey[[#This Row],[perceived_stress_scale]]<=13,"Low Stress",stdsurvey[[#This Row],[perceived_stress_scale]]<=26,"Moderate Stress",stdsurvey[[#This Row],[perceived_stress_scale]]<=40,"High Stress")} -> Moderate Stress | P5: 63.9 | Q5: 5 | R5: {=_xlfn.IFS(stdsurvey[[#This Row],[class_attendance_percent]]<60,"Less than 0%",stdsurvey[[#This Row],[class_attendance_percent]]<70,"60-70 %",stdsurvey[[#This Row],[class_attendance_percent]]<80, "70-80%",stdsurvey[[#This Row],[class_attendance_percent]]<90,"80-90%",TRUE,"More than 90%")} -> 60-70 % | S5: No | T5: 1 | U5: Spring | V5: 2.46 | W5: {=_xlfn.IFS( stdsurvey[[#This Row],[daily_screen_time_hours]]<1,"<1 hr", stdsurvey[[#This Row],[daily_screen_time_hours]]<4,"1-4 hrs", stdsurvey[[#This Row],[daily_screen_time_hours]]<8,"4-8 hrs", stdsurvey[[#This Row],[daily_screen_time_hours]]<12,"8-12 hrs", stdsurvey[[#This Row],[daily_screen_time_hours]]<=16,"12-16 hrs", TRUE,">16 hrs" )} -> 4-8 hrs | X5: {=_xlfn.IFS(stdsurvey[[#This Row],[daily_sleep_hours]]<4,"< 4 hrs",stdsurvey[[#This Row],[daily_sleep_hours]]<=6,"4-6 hrs",stdsurvey[[#This Row],[daily_sleep_hours]]<=8,"6-8 hrs",TRUE,"> 8 hrs")} -> 6-8 hrs | Y5: Female
A6: STU1002 | B6: 19 | C6: M | D6: 2 | E6: Business | F6: 7 | G6: 2.3 | H6: 3 | I6: 9 | J6: 7 | K6: {=_xlfn.IFS(stdsurvey[[#This Row],[phq9_score]]="","Answer Not Provided",stdsurvey[[#This Row],[phq9_score]]<=4,"Minimal",stdsurvey[[#This Row],[phq9_score]]<=9,"Mild",stdsurvey[[#This Row],[phq9_score]]<=14,"Moderate",stdsurvey[[#This Row],[phq9_score]]<=19,"Moderately Severe",stdsurvey[[#This Row],[phq9_score]]<=27,"Severe")} -> Mild | L6: 19 | M6: {=_xlfn.IFS(stdsurvey[[#This Row],[gad7_score]]="","Answer Not Provided",stdsurvey[[#This Row],[gad7_score]]<=4,"Minimal",stdsurvey[[#This Row],[gad7_score]]<=9,"Mild",stdsurvey[[#This Row],[gad7_score]]<=14,"Moderate",stdsurvey[[#This Row],[gad7_score]]<=21,"Severe")} -> Mild | N6: 20.7 | O6: {=_xlfn.IFS(stdsurvey[[#This Row],[perceived_stress_scale]]="","Answer Not Provided",stdsurvey[[#This Row],[perceived_stress_scale]]<=13,"Low Stress",stdsurvey[[#This Row],[perceived_stress_scale]]<=26,"Moderate Stress",stdsurvey[[#This Row],[perceived_stress_scale]]<=40,"High Stress")} -> Moderate Stress | P6: 78.5 | Q6: 3 | R6: {=_xlfn.IFS(stdsurvey[[#This Row],[class_attendance_percent]]<60,"Less than 0%",stdsurvey[[#This Row],[class_attendance_percent]]<70,"60-70 %",stdsurvey[[#This Row],[class_attendance_percent]]<80, "70-80%",stdsurvey[[#This Row],[class_attendance_percent]]<90,"80-90%",TRUE,"More than 90%")} -> 70-80% | S6: No | T6: 4 | U6: Fall | V6: 2.98 | W6: {=_xlfn.IFS( stdsurvey[[#This Row],[daily_screen_time_hours]]<1,"<1 hr", stdsurvey[[#This Row],[daily_screen_time_hours]]<4,"1-4 hrs", stdsurvey[[#This Row],[daily_screen_time_hours]]<8,"4-8 hrs", stdsurvey[[#This Row],[daily_screen_time_hours]]<12,"8-12 hrs", stdsurvey[[#This Row],[daily_screen_time_hours]]<=16,"12-16 hrs", TRUE,">16 hrs" )} -> 1-4 hrs | X6: {=_xlfn.IFS(stdsurvey[[#This Row],[daily_sleep_hours]]<4,"< 4 hrs",stdsurvey[[#This Row],[daily_sleep_hours]]<=6,"4-6 hrs",stdsurvey[[#This Row],[daily_sleep_hours]]<=8,"6-8 hrs",TRUE,"> 8 hrs")} -> 6-8 hrs | Y6: Male
A7: STU1003 | B7: 23 | C7: Prefer not to say | D7: 3 | E7: STEM | F7: 5 | G7: 9.2 | H7: 1 | I7: 1 | J7: 2 | K7: {=_xlfn.IFS(stdsurvey[[#This Row],[phq9_score]]="","Answer Not Provided",stdsurvey[[#This Row],[phq9_score]]<=4,"Minimal",stdsurvey[[#This Row],[phq9_score]]<=9,"Mild",stdsurvey[[#This Row],[phq9_score]]<=14,"Moderate",stdsurvey[[#This Row],[phq9_score]]<=19,"Moderately Severe",stdsurvey[[#This Row],[phq9_score]]<=27,"Severe")} -> Minimal | L7: 10 | M7: {=_xlfn.IFS(stdsurvey[[#This Row],[gad7_score]]="","Answer Not Provided",stdsurvey[[#This Row],[gad7_score]]<=4,"Minimal",stdsurvey[[#This Row],[gad7_score]]<=9,"Mild",stdsurvey[[#This Row],[gad7_score]]<=14,"Moderate",stdsurvey[[#This Row],[gad7_score]]<=21,"Severe")} -> Minimal | N7: 17.1 | O7: {=_xlfn.IFS(stdsurvey[[#This Row],[perceived_stress_scale]]="","Answer Not Provided",stdsurvey[[#This Row],[perceived_stress_scale]]<=13,"Low Stress",stdsurvey[[#This Row],[perceived_stress_scale]]<=26,"Moderate Stress",stdsurvey[[#This Row],[perceived_stress_scale]]<=40,"High Stress")} -> Low Stress | P7: 92.5 | Q7: 5 | R7: {=_xlfn.IFS(stdsurvey[[#This Row],[class_attendance_percent]]<60,"Less than 0%",stdsurvey[[#This Row],[class_attendance_percent]]<70,"60-70 %",stdsurvey[[#This Row],[class_attendance_percent]]<80, "70-80%",stdsurvey[[#This Row],[class_attendance_percent]]<90,"80-90%",TRUE,"More than 90%")} -> More than 90% | S7: No | T7: 3 | U7: Spring | V7: 3.27 | W7: {=_xlfn.IFS( stdsurvey[[#This Row],[daily_screen_time_hours]]<1,"<1 hr", stdsurvey[[#This Row],[daily_screen_time_hours]]<4,"1-4 hrs", stdsurvey[[#This Row],[daily_screen_time_hours]]<8,"4-8 hrs", stdsurvey[[#This Row],[daily_screen_time_hours]]<12,"8-12 hrs", stdsurvey[[#This Row],[daily_screen_time_hours]]<=16,"12-16 hrs", TRUE,">16 hrs" )} -> 8-12 hrs | X7: {=_xlfn.IFS(stdsurvey[[#This Row],[daily_sleep_hours]]<4,"< 4 hrs",stdsurvey[[#This Row],[daily_sleep_hours]]<=6,"4-6 hrs",stdsurvey[[#This Row],[daily_sleep_hours]]<=8,"6-8 hrs",TRUE,"> 8 hrs")} -> 4-6 hrs | Y7: Prefer not to say
A8: STU1004 | B8: 23 | C8: Male | D8: 2 | E8: Humanities | F8: 3.8 | G8: 2 | H8: 6 | I8: 4 | J8: 6 | K8: {=_xlfn.IFS(stdsurvey[[#This Row],[phq9_score]]="","Answer Not Provided",stdsurvey[[#This Row],[phq9_score]]<=4,"Minimal",stdsurvey[[#This Row],[phq9_score]]<=9,"Mild",stdsurvey[[#This Row],[phq9_score]]<=14,"Moderate",stdsurvey[[#This Row],[phq9_score]]<=19,"Moderately Severe",stdsurvey[[#This Row],[phq9_score]]<=27,"Severe")} -> Minimal | L8: 9 | M8: {=_xlfn.IFS(stdsurvey[[#This Row],[gad7_score]]="","Answer Not Provided",stdsurvey[[#This Row],[gad7_score]]<=4,"Minimal",stdsurvey[[#This Row],[gad7_score]]<=9,"Mild",stdsurvey[[#This Row],[gad7_score]]<=14,"Moderate",stdsurvey[[#This Row],[gad7_score]]<=21,"Severe")} -> Mild | N8: 25.2 | O8: {=_xlfn.IFS(stdsurvey[[#This Row],[perceived_stress_scale]]="","Answer Not Provided",stdsurvey[[#This Row],[perceived_stress_scale]]<=13,"Low Stress",stdsurvey[[#This Row],[perceived_stress_scale]]<=26,"Moderate Stress",stdsurvey[[#This Row],[perceived_stress_scale]]<=40,"High Stress")} -> Low Stress | P8: 86.5 | Q8: 3 | R8: {=_xlfn.IFS(stdsurvey[[#This Row],[class_attendance_percent]]<60,"Less than 0%",stdsurvey[[#This Row],[class_attendance_percent]]<70,"60-70 %",stdsurvey[[#This Row],[class_attendance_percent]]<80, "70-80%",stdsurvey[[#This Row],[class_attendance_percent]]<90,"80-90%",TRUE,"More than 90%")} -> 80-90% | S8: Yes | T8: 2 | U8: Spring | V8: 3.09 | W8: {=_xlfn.IFS( stdsurvey[[#This Row],[daily_screen_time_hours]]<1,"<1 hr", stdsurvey[[#This Row],[daily_screen_time_hours]]<4,"1-4 hrs", stdsurvey[[#This Row],[daily_screen_time_hours]]<8,"4-8 hrs", stdsurvey[[#This Row],[daily_screen_time_hours]]<12,"8-12 hrs", stdsurvey[[#This Row],[daily_screen_time_hours]]<=16,"12-16 hrs", TRUE,">16 hrs" )} -> 1-4 hrs | X8: {=_xlfn.IFS(stdsurvey[[#This Row],[daily_sleep_hours]]<4,"< 4 hrs",stdsurvey[[#This Row],[daily_sleep_hours]]<=6,"4-6 hrs",stdsurvey[[#This Row],[daily_sleep_hours]]<=8,"6-8 hrs",TRUE,"> 8 hrs")} -> < 4 hrs | Y8: Male
A9: STU1005 | B9: 17 | C9: Female | D9: 5 | E9: Arts | F9: 5.8 | G9: 4.1 | H9: 0 | I9: 10 | J9: 6 | K9: {=_xlfn.IFS(stdsurvey[[#This Row],[phq9_score]]="","Answer Not Provided",stdsurvey[[#This Row],[phq9_score]]<=4,"Minimal",stdsurvey[[#This Row],[phq9_score]]<=9,"Mild",stdsurvey[[#This Row],[phq9_score]]<=14,"Moderate",stdsurvey[[#This Row],[phq9_score]]<=19,"Moderately Severe",stdsurvey[[#This Row],[phq9_score]]<=27,"Severe")} -> Moderate | L9: 15 | M9: {=_xlfn.IFS(stdsurvey[[#This Row],[gad7_score]]="","Answer Not Provided",stdsurvey[[#This Row],[gad7_score]]<=4,"Minimal",stdsurvey[[#This Row],[gad7_score]]<=9,"Mild",stdsurvey[[#This Row],[gad7_score]]<=14,"Moderate",stdsurvey[[#This Row],[gad7_score]]<=21,"Severe")} -> Mild | N9: 4.6 | O9: {=_xlfn.IFS(stdsurvey[[#This Row],[perceived_stress_scale]]="","Answer Not Provided",stdsurvey[[#This Row],[perceived_stress_scale]]<=13,"Low Stress",stdsurvey[[#This Row],[perceived_stress_scale]]<=26,"Moderate Stress",stdsurvey[[#This Row],[perceived_stress_scale]]<=40,"High Stress")} -> Moderate Stress | P9: 83.9 | Q9: 5 | R9: {=_xlfn.IFS(stdsurvey[[#This Row],[class_attendance_percent]]<60,"Less than 0%",stdsurvey[[#This Row],[class_attendance_percent]]<70,"60-70 %",stdsurvey[[#This Row],[class_attendance_percent]]<80, "70-80%",stdsurvey[[#This Row],[class_attendance_percent]]<90,"80-90%",TRUE,"More than 90%")} -> 80-90% | S9: Yes | T9: 3 | U9: Spring | V9: 2.28 | W9: {=_xlfn.IFS( stdsurvey[[#This Row],[daily_screen_time_hours]]<1,"<1 hr", stdsurvey[[#This Row],[daily_screen_time_hours]]<4,"1-4 hrs", stdsurvey[[#This Row],[daily_screen_time_hours]]<8,"4-8 hrs", stdsurvey[[#This Row],[daily_screen_time_hours]]<12,"8-12 hrs", stdsurvey[[#This Row],[daily_screen_time_hours]]<=16,"12-16 hrs", TRUE,">16 hrs" )} -> 4-8 hrs | X9: {=_xlfn.IFS(stdsurvey[[#This Row],[daily_sleep_hours]]<4,"< 4 hrs",stdsurvey[[#This Row],[daily_sleep_hours]]<=6,"4-6 hrs",stdsurvey[[#This Row],[daily_sleep_hours]]<=8,"6-8 hrs",TRUE,"> 8 hrs")} -> 4-6 hrs | Y9: Female
A10: STU1006 | B10: 19 | C10: Female | D10: 2 | E10: Business | F10: 5.2 | G10: 5.8 | H10: 4 | I10: 5 | J10: 5 | K10: {=_xlfn.IFS(stdsurvey[[#This Row],[phq9_score]]="","Answer Not Provided",stdsurvey[[#This Row],[phq9_score]]<=4,"Minimal",stdsurvey[[#This Row],[phq9_score]]<=9,"Mild",stdsurvey[[#This Row],[phq9_score]]<=14,"Moderate",stdsurvey[[#This Row],[phq9_score]]<=19,"Moderately Severe",stdsurvey[[#This Row],[phq9_score]]<=27,"Severe")} -> Mild | L10: 8 | M10: {=_xlfn.IFS(stdsurvey[[#This Row],[gad7_score]]="","Answer Not Provided",stdsurvey[[#This Row],[gad7_score]]<=4,"Minimal",stdsurvey[[#This Row],[gad7_score]]<=9,"Mild",stdsurvey[[#This Row],[gad7_score]]<=14,"Moderate",stdsurvey[[#This Row],[gad7_score]]<=21,"Severe")} -> Mild | N10: 12.5 | O10: {=_xlfn.IFS(stdsurvey[[#This Row],[perceived_stress_scale]]="","Answer Not Provided",stdsurvey[[#This Row],[perceived_stress_scale]]<=13,"Low Stress",stdsurvey[[#This Row],[perceived_stress_scale]]<=26,"Moderate Stress",stdsurvey[[#This Row],[perceived_stress_scale]]<=40,"High Stress")} -> Low Stress | P10: 78.4 | Q10: 2 | R10: {=_xlfn.IFS(stdsurvey[[#This Row],[class_attendance_percent]]<60,"Less than 0%",stdsurvey[[#This Row],[class_attendance_percent]]<70,"60-70 %",stdsurvey[[#This Row],[class_attendance_percent]]<80, "70-80%",stdsurvey[[#This Row],[class_attendance_percent]]<90,"80-90%",TRUE,"More than 90%")} -> 70-80% | S10: No | T10: 3 | U10: Spring | V10: 2.69 | W10: {=_xlfn.IFS( stdsurvey[[#This Row],[daily_screen_time_hours]]<1,"<1 hr", stdsurvey[[#This Row],[daily_screen_time_hours]]<4,"1-4 hrs", stdsurvey[[#This Row],[daily_screen_time_hours]]<8,"4-8 hrs", stdsurvey[[#This Row],[daily_screen_time_hours]]<12,"8-12 hrs", stdsurvey[[#This Row],[daily_screen_time_hours]]<=16,"12-16 hrs", TRUE,">16 hrs" )} -> 4-8 hrs | X10: {=_xlfn.IFS(stdsurvey[[#This Row],[daily_sleep_hours]]<4,"< 4 hrs",stdsurvey[[#This Row],[daily_sleep_hours]]<=6,"4-6 hrs",stdsurvey[[#This Row],[daily_sleep_hours]]<=8,"6-8 hrs",TRUE,"> 8 hrs")} -> 4-6 hrs | Y10: Female
A11: STU1007 | B11: 22 | C11: Male | D11: 3 | E11: Humanities | F11: 4.3 | G11: 4.6 | H11: 4 | I11: 3 | J11: 3 | K11: {=_xlfn.IFS(stdsurvey[[#This Row],[phq9_score]]="","Answer Not Provided",stdsurvey[[#This Row],[phq9_score]]<=4,"Minimal",stdsurvey[[#This Row],[phq9_score]]<=9,"Mild",stdsurvey[[#This Row],[phq9_score]]<=14,"Moderate",stdsurvey[[#This Row],[phq9_score]]<=19,"Moderately Severe",stdsurvey[[#This Row],[phq9_score]]<=27,"Severe")} -> Minimal | L11: 5 | M11: {=_xlfn.IFS(stdsurvey[[#This Row],[gad7_score]]="","Answer Not Provided",stdsurvey[[#This Row],[gad7_score]]<=4,"Minimal",stdsurvey[[#This Row],[gad7_score]]<=9,"Mild",stdsurvey[[#This Row],[gad7_score]]<=14,"Moderate",stdsurvey[[#This Row],[gad7_score]]<=21,"Severe")} -> Minimal | N11: 20.8 | O11: {=_xlfn.IFS(stdsurvey[[#This Row],[perceived_stress_scale]]="","Answer Not Provided",stdsurvey[[#This Row],[perceived_stress_scale]]<=13,"Low Stress",stdsurvey[[#This Row],[perceived_stress_scale]]<=26,"Moderate Stress",stdsurvey[[#This Row],[perceived_stress_scale]]<=40,"High Stress")} -> Low Stress | P11: 75.5 | Q11: 4 | R11: {=_xlfn.IFS(stdsurvey[[#This Row],[class_attendance_percent]]<60,"Less than 0%",stdsurvey[[#This Row],[class_attendance_percent]]<70,"60-70 %",stdsurvey[[#This Row],[class_attendance_percent]]<80, "70-80%",stdsurvey[[#This Row],[class_attendance_percent]]<90,"80-90%",TRUE,"More than 90%")} -> 70-80% | S11: No | T11: 3 | U11: Fall | V11: 2.9 | W11: {=_xlfn.IFS( stdsurvey[[#This Row],[daily_screen_time_hours]]<1,"<1 hr", stdsurvey[[#This Row],[daily_screen_time_hours]]<4,"1-4 hrs", stdsurvey[[#This Row],[daily_screen_time_hours]]<8,"4-8 hrs", stdsurvey[[#This Row],[daily_screen_time_hours]]<12,"8-12 hrs", stdsurvey[[#This Row],[daily_screen_time_hours]]<=16,"12-16 hrs", TRUE,">16 hrs" )} -> 4-8 hrs | X11: {=_xlfn.IFS(stdsurvey[[#This Row],[daily_sleep_hours]]<4,"< 4 hrs",stdsurvey[[#This Row],[daily_sleep_hours]]<=6,"4-6 hrs",stdsurvey[[#This Row],[daily_sleep_hours]]<=8,"6-8 hrs",TRUE,"> 8 hrs")} -> 4-6 hrs | Y11: Male
A12: STU1008 | B12: 21 | C12: male | D12: 1 | E12: STEM | F12: 8.3 | G12: 5.3 | H12: 0 | I12: 27 | J12: 19 | K12: {=_xlfn.IFS(stdsurvey[[#This Row],[phq9_score]]="","Answer Not Provided",stdsurvey[[#This Row],[phq9_score]]<=4,"Minimal",stdsurvey[[#This Row],[phq9_score]]<=9,"Mild",stdsurvey[[#This Row],[phq9_score]]<=14,"Moderate",stdsurvey[[#This Row],[phq9_score]]<=19,"Moderately Severe",stdsurvey[[#This Row],[phq9_score]]<=27,"Severe")} -> Severe | L12: 28 | M12: {=_xlfn.IFS(stdsurvey[[#This Row],[gad7_score]]="","Answer Not Provided",stdsurvey[[#This Row],[gad7_score]]<=4,"Minimal",stdsurvey[[#This Row],[gad7_score]]<=9,"Mild",stdsurvey[[#This Row],[gad7_score]]<=14,"Moderate",stdsurvey[[#This Row],[gad7_score]]<=21,"Severe")} -> Severe | N12: 24.6 | O12: {=_xlfn.IFS(stdsurvey[[#This Row],[perceived_stress_scale]]="","Answer Not Provided",stdsurvey[[#This Row],[perceived_stress_scale]]<=13,"Low Stress",stdsurvey[[#This Row],[perceived_stress_scale]]<=26,"Moderate Stress",stdsurvey[[#This Row],[perceived_stress_scale]]<=40,"High Stress")} -> High Stress | P12: 71.2 | Q12: 2 | R12: {=_xlfn.IFS(stdsurvey[[#This Row],[class_attendance_percent]]<60,"Less than 0%",stdsurvey[[#This Row],[class_attendance_percent]]<70,"60-70 %",stdsurvey[[#This Row],[class_attendance_percent]]<80, "70-80%",stdsurvey[[#This Row],[class_attendance_percent]]<90,"80-90%",TRUE,"More than 90%")} -> 70-80% | S12: No | T12: 5 | U12: Fall | W12: {=_xlfn.IFS( stdsurvey[[#This Row],[daily_screen_time_hours]]<1,"<1 hr", stdsurvey[[#This Row],[daily_screen_time_hours]]<4,"1-4 hrs", stdsurvey[[#This Row],[daily_screen_time_hours]]<8,"4-8 hrs", stdsurvey[[#This Row],[daily_screen_time_hours]]<12,"8-12 hrs", stdsurvey[[#This Row],[daily_screen_time_hours]]<=16,"12-16 hrs", TRUE,">16 hrs" )} -> 4-8 hrs | X12: {=_xlfn.IFS(stdsurvey[[#This Row],[daily_sleep_hours]]<4,"< 4 hrs",stdsurvey[[#This Row],[daily_sleep_hours]]<=6,"4-6 hrs",stdsurvey[[#This Row],[daily_sleep_hours]]<=8,"6-8 hrs",TRUE,"> 8 hrs")} -> > 8 hrs | Y12: Male
A13: STU1009 | B13: 21 | C13: Female | D13: 2 | E13: STEM | F13: 6.8 | G13: 2.3 | H13: 1 | I13: 7 | J13: 8 | K13: {=_xlfn.IFS(stdsurvey[[#This Row],[phq9_score]]="","Answer Not Provided",stdsurvey[[#This Row],[phq9_score]]<=4,"Minimal",stdsurvey[[#This Row],[phq9_score]]<=9,"Mild",stdsurvey[[#This Row],[phq9_score]]<=14,"Moderate",stdsurvey[[#This Row],[phq9_score]]<=19,"Moderately Severe",stdsurvey[[#This Row],[phq9_score]]<=27,"Severe")} -> Mild | L13: 12 | M13: {=_xlfn.IFS(stdsurvey[[#This Row],[gad7_score]]="","Answer Not Provided",stdsurvey[[#This Row],[gad7_score]]<=4,"Minimal",stdsurvey[[#This Row],[gad7_score]]<=9,"Mild",stdsurvey[[#This Row],[gad7_score]]<=14,"Moderate",stdsurvey[[#This Row],[gad7_score]]<=21,"Severe")} -> Mild | N13: 32.7 | O13: {=_xlfn.IFS(stdsurvey[[#This Row],[perceived_stress_scale]]="","Answer Not Provided",stdsurvey[[#This Row],[perceived_stress_scale]]<=13,"Low Stress",stdsurvey[[#This Row],[perceived_stress_scale]]<=26,"Moderate Stress",stdsurvey[[#This Row],[perceived_stress_scale]]<=40,"High Stress")} -> Low Stress | P13: 96 | Q13: 5 | R13: {=_xlfn.IFS(stdsurvey[[#This Row],[class_attendance_percent]]<60,"Less than 0%",stdsurvey[[#This Row],[class_attendance_percent]]<70,"60-70 %",stdsurvey[[#This Row],[class_attendance_percent]]<80, "70-80%",stdsurvey[[#This Row],[class_attendance_percent]]<90,"80-90%",TRUE,"More than 90%")} -> More than 90% | S13: No | T13: 4 | U13: Spring | V13: 3.18 | W13: {=_xlfn.IFS( stdsurvey[[#This Row],[daily_screen_time_hours]]<1,"<1 hr", stdsurvey[[#This Row],[daily_screen_time_hours]]<4,"1-4 hrs", stdsurvey[[#This Row],[daily_screen_time_hours]]<8,"4-8 hrs", stdsurvey[[#This Row],[daily_screen_time_hours]]<12,"8-12 hrs", stdsurvey[[#This Row],[daily_screen_time_hours]]<=16,"12-16 hrs", TRUE,">16 hrs" )} -> 1-4 hrs | X13: {=_xlfn.IFS(stdsurvey[[#This Row],[daily_sleep_hours]]<4,"< 4 hrs",stdsurvey[[#This Row],[daily_sleep_hours]]<=6,"4-6 hrs",stdsurvey[[#This Row],[daily_sleep_hours]]<=8,"6-8 hrs",TRUE,"> 8 hrs")} -> 6-8 hrs | Y13: Female
A14: STU1010 | B14: 20 | C14: Female | D14: 4 | E14: STEM | F14: 6.6 | G14: 5.9 | H14: 2 | I14: 6 | J14: 7 | K14: {=_xlfn.IFS(stdsurvey[[#This Row],[phq9_score]]="","Answer Not Provided",stdsurvey[[#This Row],[phq9_score]]<=4,"Minimal",stdsurvey[[#This Row],[phq9_score]]<=9,"Mild",stdsurvey[[#This Row],[phq9_score]]<=14,"Moderate",stdsurvey[[#This Row],[phq9_score]]<=19,"Moderately Severe",stdsurvey[[#This Row],[phq9_score]]<=27,"Severe")} -> Mild | L14: 13 | M14: {=_xlfn.IFS(stdsurvey[[#This Row],[gad7_score]]="","Answer Not Provided",stdsurvey[[#This Row],[gad7_score]]<=4,"Minimal",stdsurvey[[#This Row],[gad7_score]]<=9,"Mild",stdsurvey[[#This Row],[gad7_score]]<=14,"Moderate",stdsurvey[[#This Row],[gad7_score]]<=21,"Severe")} -> Mild | N14: 20.8 | O14: {=_xlfn.IFS(stdsurvey[[#This Row],[perceived_stress_scale]]="","Answer Not Provided",stdsurvey[[#This Row],[perceived_stress_scale]]<=13,"Low Stress",stdsurvey[[#This Row],[perceived_stress_scale]]<=26,"Moderate Stress",stdsurvey[[#This Row],[perceived_stress_scale]]<=40,"High Stress")} -> Low Stress | P14: 97.1 | Q14: 5 | R14: {=_xlfn.IFS(stdsurvey[[#This Row],[class_attendance_percent]]<60,"Less than 0%",stdsurvey[[#This Row],[class_attendance_percent]]<70,"60-70 %",stdsurvey[[#This Row],[class_attendance_percent]]<80, "70-80%",stdsurvey[[#This Row],[class_attendance_percent]]<90,"80-90%",TRUE,"More than 90%")} -> More than 90% | S14: No | T14: 4 | U14: Fall | V14: 3.11 | W14: {=_xlfn.IFS( stdsurvey[[#This Row],[daily_screen_time_hours]]<1,"<1 hr", stdsurvey[[#This Row],[daily_screen_time_hours]]<4,"1-4 hrs", stdsurvey[[#This Row],[daily_screen_time_hours]]<8,"4-8 hrs", stdsurvey[[#This Row],[daily_screen_time_hours]]<12,"8-12 hrs", stdsurvey[[#This Row],[daily_screen_time_hours]]<=16,"12-16 hrs", TRUE,">16 hrs" )} -> 4-8 hrs | X14: {=_xlfn.IFS(stdsurvey[[#This Row],[daily_sleep_hours]]<4,"< 4 hrs",stdsurvey[[#This Row],[daily_sleep_hours]]<=6,"4-6 hrs",stdsurvey[[#This Row],[daily_sleep_hours]]<=8,"6-8 hrs",TRUE,"> 8 hrs")} -> 6-8 hrs | Y14: Female
A15: STU1011 | B15: 23 | C15: Male | D15: 3 | E15: STEM | F15: 6.1 | G15: 1.1 | H15: 5 | I15: 8 | J15: 6 | K15: {=_xlfn.IFS(stdsurvey[[#This Row],[phq9_score]]="","Answer Not Provided",stdsurvey[[#This Row],[phq9_score]]<=4,"Minimal",stdsurvey[[#This Row],[phq9_score]]<=9,"Mild",stdsurvey[[#This Row],[phq9_score]]<=14,"Moderate",stdsurvey[[#This Row],[phq9_score]]<=19,"Moderately Severe",stdsurvey[[#This Row],[phq9_score]]<=27,"Severe")} -> Mild | L15: 7 | M15: {=_xlfn.IFS(stdsurvey[[#This Row],[gad7_score]]="","Answer Not Provided",stdsurvey[[#This Row],[gad7_score]]<=4,"Minimal",stdsurvey[[#This Row],[gad7_score]]<=9,"Mild",stdsurvey[[#This Row],[gad7_score]]<=14,"Moderate",stdsurvey[[#This Row],[gad7_score]]<=21,"Severe")} -> Mild | N15: 31.6 | O15: {=_xlfn.IFS(stdsurvey[[#This Row],[perceived_stress_scale]]="","Answer Not Provided",stdsurvey[[#This Row],[perceived_stress_scale]]<=13,"Low Stress",stdsurvey[[#This Row],[perceived_stress_scale]]<=26,"Moderate Stress",stdsurvey[[#This Row],[perceived_stress_scale]]<=40,"High Stress")} -> Low Stress | P15: 65.6 | Q15: 3 | R15: {=_xlfn.IFS(stdsurvey[[#This Row],[class_attendance_percent]]<60,"Less than 0%",stdsurvey[[#This Row],[class_attendance_percent]]<70,"60-70 %",stdsurvey[[#This Row],[class_attendance_percent]]<80, "70-80%",stdsurvey[[#This Row],[class_attendance_percent]]<90,"80-90%",TRUE,"More than 90%")} -> 60-70 % | S15: No | T15: 3 | U15: Spring | V15: 2.85 | W15: {=_xlfn.IFS( stdsurvey[[#This Row],[daily_screen_time_hours]]<1,"<1 hr", stdsurvey[[#This Row],[daily_screen_time_hours]]<4,"1-4 hrs", stdsurvey[[#This Row],[daily_screen_time_hours]]<8,"4-8 hrs", stdsurvey[[#This Row],[daily_screen_time_hours]]<12,"8-12 hrs", stdsurvey[[#This Row],[daily_screen_time_hours]]<=16,"12-16 hrs", TRUE,">16 hrs" )} -> 1-4 hrs | X15: {=_xlfn.IFS(stdsurvey[[#This Row],[daily_sleep_hours]]<4,"< 4 hrs",stdsurvey[[#This Row],[daily_sleep_hours]]<=6,"4-6 hrs",stdsurvey[[#This Row],[daily_sleep_hours]]<=8,"6-8 hrs",TRUE,"> 8 hrs")} -> 6-8 hrs | Y15: Male
A16: STU1012 | B16: 23 | C16: Male | D16: 2 | E16: Arts | F16: 5.2 | G16: 9.1 | H16: 3 | I16: 4 | J16: 5 | K16: {=_xlfn.IFS(stdsurvey[[#This Row],[phq9_score]]="","Answer Not Provided",stdsurvey[[#This Row],[phq9_score]]<=4,"Minimal",stdsurvey[[#This Row],[phq9_score]]<=9,"Mild",stdsurvey[[#This Row],[phq9_score]]<=14,"Moderate",stdsurvey[[#This Row],[phq9_score]]<=19,"Moderately Severe",stdsurvey[[#This Row],[phq9_score]]<=27,"Severe")} -> Minimal | L16: 10 | M16: {=_xlfn.IFS(stdsurvey[[#This Row],[gad7_score]]="","Answer Not Provided",stdsurvey[[#This Row],[gad7_score]]<=4,"Minimal",stdsurvey[[#This Row],[gad7_score]]<=9,"Mild",stdsurvey[[#This Row],[gad7_score]]<=14,"Moderate",stdsurvey[[#This Row],[gad7_score]]<=21,"Severe")} -> Mild | N16: 11.5 | O16: {=_xlfn.IFS(stdsurvey[[#This Row],[perceived_stress_scale]]="","Answer Not Provided",stdsurvey[[#This Row],[perceived_stress_scale]]<=13,"Low Stress",stdsurvey[[#This Row],[perceived_stress_scale]]<=26,"Moderate Stress",stdsurvey[[#This Row],[perceived_stress_scale]]<=40,"High Stress")} -> Low Stress | P16: 89 | Q16: 3 | R16: {=_xlfn.IFS(stdsurvey[[#This Row],[class_attendance_percent]]<60,"Less than 0%",stdsurvey[[#This Row],[class_attendance_percent]]<70,"60-70 %",stdsurvey[[#This Row],[class_attendance_percent]]<80, "70-80%",stdsurvey[[#This Row],[class_attendance_percent]]<90,"80-90%",TRUE,"More than 90%")} -> 80-90% | S16: Yes | T16: 5 | U16: Spring | V16: 2.43 | W16: {=_xlfn.IFS( stdsurvey[[#This Row],[daily_screen_time_hours]]<1,"<1 hr", stdsurvey[[#This Row],[daily_screen_time_hours]]<4,"1-4 hrs", stdsurvey[[#This Row],[daily_screen_time_hours]]<8,"4-8 hrs", stdsurvey[[#This Row],[daily_screen_time_hours]]<12,"8-12 hrs", stdsurvey[[#This Row],[daily_screen_time_hours]]<=16,"12-16 hrs", TRUE,">16 hrs" )} -> 8-12 hrs | X16: {=_xlfn.IFS(stdsurvey[[#This Row],[daily_sleep_hours]]<4,"< 4 hrs",stdsurvey[[#This Row],[daily_sleep_hours]]<=6,"4-6 hrs",stdsurvey[[#This Row],[daily_sleep_hours]]<=8,"6-8 hrs",TRUE,"> 8 hrs")} -> 4-6 hrs | Y16: Male
A17: STU1013 | B17: 22 | C17: female | D17: 5 | E17: Business | F17: 8.2 | G17: 1 | H17: 3 | K17: {=_xlfn.IFS(stdsurvey[[#This Row],[phq9_score]]="","Answer Not Provided",stdsurvey[[#This Row],[phq9_score]]<=4,"Minimal",stdsurvey[[#This Row],[phq9_score]]<=9,"Mild",stdsurvey[[#This Row],[phq9_score]]<=14,"Moderate",stdsurvey[[#This Row],[phq9_score]]<=19,"Moderately Severe",stdsurvey[[#This Row],[phq9_score]]<=27,"Severe")} -> Answer Not Provided | L17: 21 | M17: {=_xlfn.IFS(stdsurvey[[#This Row],[gad7_score]]="","Answer Not Provided",stdsurvey[[#This Row],[gad7_score]]<=4,"Minimal",stdsurvey[[#This Row],[gad7_score]]<=9,"Mild",stdsurvey[[#This Row],[gad7_score]]<=14,"Moderate",stdsurvey[[#This Row],[gad7_score]]<=21,"Severe")} -> Answer Not Provided | N17: 24.5 | O17: {=_xlfn.IFS(stdsurvey[[#This Row],[perceived_stress_scale]]="","Answer Not Provided",stdsurvey[[#This Row],[perceived_stress_scale]]<=13,"Low Stress",stdsurvey[[#This Row],[perceived_stress_scale]]<=26,"Moderate Stress",stdsurvey[[#This Row],[perceived_stress_scale]]<=40,"High Stress")} -> Moderate Stress | P17: 71.8 | Q17: 4 | R17: {=_xlfn.IFS(stdsurvey[[#This Row],[class_attendance_percent]]<60,"Less than 0%",stdsurvey[[#This Row],[class_attendance_percent]]<70,"60-70 %",stdsurvey[[#This Row],[class_attendance_percent]]<80, "70-80%",stdsurvey[[#This Row],[class_attendance_percent]]<90,"80-90%",TRUE,"More than 90%")} -> 70-80% | S17: No | T17: 2 | U17: Spring | V17: 3.13 | W17: {=_xlfn.IFS( stdsurvey[[#This Row],[daily_screen_time_hours]]<1,"<1 hr", stdsurvey[[#This Row],[daily_screen_time_hours]]<4,"1-4 hrs", stdsurvey[[#This Row],[daily_screen_time_hours]]<8,"4-8 hrs", stdsurvey[[#This Row],[daily_screen_time_hours]]<12,"8-12 hrs", stdsurvey[[#This Row],[daily_screen_time_hours]]<=16,"12-16 hrs", TRUE,">16 hrs" )} -> 1-4 hrs | X17: {=_xlfn.IFS(stdsurvey[[#This Row],[daily_sleep_hours]]<4,"< 4 hrs",stdsurvey[[#This Row],[daily_sleep_hours]]<=6,"4-6 hrs",stdsurvey[[#This Row],[daily_sleep_hours]]<=8,"6-8 hrs",TRUE,"> 8 hrs")} -> > 8 hrs | Y17: Female
A18: STU1014 | B18: 24 | C18: Male | D18: 4 | E18: Health Sciences | F18: 6.4 | G18: 2.9 | H18: 4 | I18: 7 | J18: 5 | K18: {=_xlfn.IFS(stdsurvey[[#This Row],[phq9_score]]="","Answer Not Provided",stdsurvey[[#This Row],[phq9_score]]<=4,"Minimal",stdsurvey[[#This Row],[phq9_score]]<=9,"Mild",stdsurvey[[#This Row],[phq9_score]]<=14,"Moderate",stdsurvey[[#This Row],[phq9_score]]<=19,"Moderately Severe",stdsurvey[[#This Row],[phq9_score]]<=27,"Severe")} -> Mild | L18: 15 | M18: {=_xlfn.IFS(stdsurvey[[#This Row],[gad7_score]]="","Answer Not Provided",stdsurvey[[#This Row],[gad7_score]]<=4,"Minimal",stdsurvey[[#This Row],[gad7_score]]<=9,"Mild",stdsurvey[[#This Row],[gad7_score]]<=14,"Moderate",stdsurvey[[#This Row],[gad7_score]]<=21,"Severe")} -> Mild | N18: 11.4 | O18: {=_xlfn.IFS(stdsurvey[[#This Row],[perceived_stress_scale]]="","Answer Not Provided",stdsurvey[[#This Row],[perceived_stress_scale]]<=13,"Low Stress",stdsurvey[[#This Row],[perceived_stress_scale]]<=26,"Moderate Stress",stdsurvey[[#This Row],[perceived_stress_scale]]<=40,"High Stress")} -> Moderate Stress | P18: 86.2 | Q18: 3 | R18: {=_xlfn.IFS(stdsurvey[[#This Row],[class_attendance_percent]]<60,"Less than 0%",stdsurvey[[#This Row],[class_attendance_percent]]<70,"60-70 %",stdsurvey[[#This Row],[class_attendance_percent]]<80, "70-80%",stdsurvey[[#This Row],[class_attendance_percent]]<90,"80-90%",TRUE,"More than 90%")} -> 80-90% | S18: No | T18: 2 | U18: Spring | V18: 3.1 | W18: {=_xlfn.IFS( stdsurvey[[#This Row],[daily_screen_time_hours]]<1,"<1 hr", stdsurvey[[#This Row],[daily_screen_time_hours]]<4,"1-4 hrs", stdsurvey[[#This Row],[daily_screen_time_hours]]<8,"4-8 hrs", stdsurvey[[#This Row],[daily_screen_time_hours]]<12,"8-12 hrs", stdsurvey[[#This Row],[daily_screen_time_hours]]<=16,"12-16 hrs", TRUE,">16 hrs" )} -> 1-4 hrs | X18: {=_xlfn.IFS(stdsurvey[[#This Row],[daily_sleep_hours]]<4,"< 4 hrs",stdsurvey[[#This Row],[daily_sleep_hours]]<=6,"4-6 hrs",stdsurvey[[#This Row],[daily_sleep_hours]]<=8,"6-8 hrs",TRUE,"> 8 hrs")} -> 6-8 hrs | Y18: Male
A19: STU1015 | B19: 22 | C19: Male | D19: 2 | E19: Social Sciences | F19: 7.6 | G19: 4.1 | H19: 4 | I19: 6 | J19: 6 | K19: {=_xlfn.IFS(stdsurvey[[#This Row],[phq9_score]]="","Answer Not Provided",stdsurvey[[#This Row],[phq9_score]]<=4,"Minimal",stdsurvey[[#This Row],[phq9_score]]<=9,"Mild",stdsurvey[[#This Row],[phq9_score]]<=14,"Moderate",stdsurvey[[#This Row],[phq9_score]]<=19,"Moderately Severe",stdsurvey[[#This Row],[phq9_score]]<=27,"Severe")} -> Mild | L19: 10 | M19: {=_xlfn.IFS(stdsurvey[[#This Row],[gad7_score]]="","Answer Not Provided",stdsurvey[[#This Row],[gad7_score]]<=4,"Minimal",stdsurvey[[#This Row],[gad7_score]]<=9,"Mild",stdsurvey[[#This Row],[gad7_score]]<=14,"Moderate",stdsurvey[[#This Row],[gad7_score]]<=21,"Severe")} -> Mild | N19: 18.9 | O19: {=_xlfn.IFS(stdsurvey[[#This Row],[perceived_stress_scale]]="","Answer Not Provided",stdsurvey[[#This Row],[perceived_stress_scale]]<=13,"Low Stress",stdsurvey[[#This Row],[perceived_stress_scale]]<=26,"Moderate Stress",stdsurvey[[#This Row],[perceived_stress_scale]]<=40,"High Stress")} -> Low Stress | P19: 75.7 | Q19: 4 | R19: {=_xlfn.IFS(stdsurvey[[#This Row],[class_attendance_percent]]<60,"Less than 0%",stdsurvey[[#This Row],[class_attendance_percent]]<70,"60-70 %",stdsurvey[[#This Row],[class_attendance_percent]]<80, "70-80%",stdsurvey[[#This Row],[class_attendance_percent]]<90,"80-90%",TRUE,"More than 90%")} -> 70-80% | S19: No | T19: 1 | U19: Spring | V19: 4.1 | W19: {=_xlfn.IFS( stdsurvey[[#This Row],[daily_screen_time_hours]]<1,"<1 hr", stdsurvey[[#This Row],[daily_screen_time_hours]]<4,"1-4 hrs", stdsurvey[[#This Row],[daily_screen_time_hours]]<8,"4-8 hrs", stdsurvey[[#This Row],[daily_screen_time_hours]]<12,"8-12 hrs", stdsurvey[[#This Row],[daily_screen_time_hours]]<=16,"12-16 hrs", TRUE,">16 hrs" )} -> 4-8 hrs | X19: {=_xlfn.IFS(stdsurvey[[#This Row],[daily_sleep_hours]]<4,"< 4 hrs",stdsurvey[[#This Row],[daily_sleep_hours]]<=6,"4-6 hrs",stdsurvey[[#This Row],[daily_sleep_hours]]<=8,"6-8 hrs",TRUE,"> 8 hrs")} -> 6-8 hrs | Y19: Male
A20: STU1016 | B20: 20 | C20: Male | D20: 3 | E20: STEM | F20: 5.5 | G20: 8.8 | H20: 3 | I20: 27 | J20: 19 | K20: {=_xlfn.IFS(stdsurvey[[#This Row],[phq9_score]]="","Answer Not Provided",stdsurvey[[#This Row],[phq9_score]]<=4,"Minimal",stdsurvey[[#This Row],[phq9_score]]<=9,"Mild",stdsurvey[[#This Row],[phq9_score]]<=14,"Moderate",stdsurvey[[#This Row],[phq9_score]]<=19,"Moderately Severe",stdsurvey[[#This Row],[phq9_score]]<=27,"Severe")} -> Severe | L20: 27 | M20: {=_xlfn.IFS(stdsurvey[[#This Row],[gad7_score]]="","Answer Not Provided",stdsurvey[[#This Row],[gad7_score]]<=4,"Minimal",stdsurvey[[#This Row],[gad7_score]]<=9,"Mild",stdsurvey[[#This Row],[gad7_score]]<=14,"Moderate",stdsurvey[[#This Row],[gad7_score]]<=21,"Severe")} -> Severe | N20: 1.5 | O20: {=_xlfn.IFS(stdsurvey[[#This Row],[perceived_stress_scale]]="","Answer Not Provided",stdsurvey[[#This Row],[perceived_stress_scale]]<=13,"Low Stress",stdsurvey[[#This Row],[perceived_stress_scale]]<=26,"Moderate Stress",stdsurvey[[#This Row],[perceived_stress_scale]]<=40,"High Stress")} -> High Stress | P20: 97.8 | R20: {=_xlfn.IFS(stdsurvey[[#This Row],[class_attendance_percent]]<60,"Less than 0%",stdsurvey[[#This Row],[class_attendance_percent]]<70,"60-70 %",stdsurvey[[#This Row],[class_attendance_percent]]<80, "70-80%",stdsurvey[[#This Row],[class_attendance_percent]]<90,"80-90%",TRUE,"More than 90%")} -> More than 90% | S20: No | T20: 3 | U20: Summer | V20: 2.37 | W20: {=_xlfn.IFS( stdsurvey[[#This Row],[daily_screen_time_hours]]<1,"<1 hr", stdsurvey[[#This Row],[daily_screen_time_hours]]<4,"1-4 hrs", stdsurvey[[#This Row],[daily_screen_time_hours]]<8,"4-8 hrs", stdsurvey[[#This Row],[daily_screen_time_hours]]<12,"8-12 hrs", stdsurvey[[#This Row],[daily_screen_time_hours]]<=16,"12-16 hrs", TRUE,">16 hrs" )} -> 8-12 hrs | X20: {=_xlfn.IFS(stdsurvey[[#This Row],[daily_sleep_hours]]<4,"< 4 hrs",stdsurvey[[#This Row],[daily_sleep_hours]]<=6,"4-6 hrs",stdsurvey[[#This Row],[daily_sleep_hours]]<=8,"6-8 hrs",TRUE,"> 8 hrs")} -> 4-6 hrs | Y20: Male
A21: STU1017 | B21: 22 | C21: Female | D21: 3 | E21: STEM | F21: 5.9 | G21: 2 | H21: 3 | I21: 4 | J21: 4 | K21: {=_xlfn.IFS(stdsurvey[[#This Row],[phq9_score]]="","Answer Not Provided",stdsurvey[[#This Row],[phq9_score]]<=4,"Minimal",stdsurvey[[#This Row],[phq9_score]]<=9,"Mild",stdsurvey[[#This Row],[phq9_score]]<=14,"Moderate",stdsurvey[[#This Row],[phq9_score]]<=19,"Moderately Severe",stdsurvey[[#This Row],[phq9_score]]<=27,"Severe")} -> Minimal | L21: 11 | M21: {=_xlfn.IFS(stdsurvey[[#This Row],[gad7_score]]="","Answer Not Provided",stdsurvey[[#This Row],[gad7_score]]<=4,"Minimal",stdsurvey[[#This Row],[gad7_score]]<=9,"Mild",stdsurvey[[#This Row],[gad7_score]]<=14,"Moderate",stdsurvey[[#This Row],[gad7_score]]<=21,"Severe")} -> Minimal | N21: 15.4 | O21: {=_xlfn.IFS(stdsurvey[[#This Row],[perceived_stress_scale]]="","Answer Not Provided",stdsurvey[[#This Row],[perceived_stress_scale]]<=13,"Low Stress",stdsurvey[[#This Row],[perceived_stress_scale]]<=26,"Moderate Stress",stdsurvey[[#This Row],[perceived_stress_scale]]<=40,"High Stress")} -> Low Stress | P21: 75.3 | Q21: 3 | R21: {=_xlfn.IFS(stdsurvey[[#This Row],[class_attendance_percent]]<60,"Less than 0%",stdsurvey[[#This Row],[class_attendance_percent]]<70,"60-70 %",stdsurvey[[#This Row],[class_attendance_percent]]<80, "70-80%",stdsurvey[[#This Row],[class_attendance_percent]]<90,"80-90%",TRUE,"More than 90%")} -> 70-80% | S21: Yes | T21: 3 | U21: Fall | V21: 3.37 | W21: {=_xlfn.IFS( stdsurvey[[#This Row],[daily_screen_time_hours]]<1,"<1 hr", stdsurvey[[#This Row],[daily_screen_time_hours]]<4,"1-4 hrs", stdsurvey[[#This Row],[daily_screen_time_hours]]<8,"4-8 hrs", stdsurvey[[#This Row],[daily_screen_time_hours]]<12,"8-12 hrs", stdsurvey[[#This Row],[daily_screen_time_hours]]<=16,"12-16 hrs", TRUE,">16 hrs" )} -> 1-4 hrs | X21: {=_xlfn.IFS(stdsurvey[[#This Row],[daily_sleep_hours]]<4,"< 4 hrs",stdsurvey[[#This Row],[daily_sleep_hours]]<=6,"4-6 hrs",stdsurvey[[#This Row],[daily_sleep_hours]]<=8,"6-8 hrs",TRUE,"> 8 hrs")} -> 4-6 hrs | Y21: Female
A22: STU1018 | B22: 19 | C22: Female | D22: 3 | E22: Health Sciences | F22: 4.6 | G22: 7.3 | H22: 4 | I22: 3 | J22: 1 | K22: {=_xlfn.IFS(stdsurvey[[#This Row],[phq9_score]]="","Answer Not Provided",stdsurvey[[#This Row],[phq9_score]]<=4,"Minimal",stdsurvey[[#This Row],[phq9_score]]<=9,"Mild",stdsurvey[[#This Row],[phq9_score]]<=14,"Moderate",stdsurvey[[#This Row],[phq9_score]]<=19,"Moderately Severe",stdsurvey[[#This Row],[phq9_score]]<=27,"Severe")} -> Minimal | L22: 1 | M22: {=_xlfn.IFS(stdsurvey[[#This Row],[gad7_score]]="","Answer Not Provided",stdsurvey[[#This Row],[gad7_score]]<=4,"Minimal",stdsurvey[[#This Row],[gad7_score]]<=9,"Mild",stdsurvey[[#This Row],[gad7_score]]<=14,"Moderate",stdsurvey[[#This Row],[gad7_score]]<=21,"Severe")} -> Minimal | N22: 23.7 | O22: {=_xlfn.IFS(stdsurvey[[#This Row],[perceived_stress_scale]]="","Answer Not Provided",stdsurvey[[#This Row],[perceived_stress_scale]]<=13,"Low Stress",stdsurvey[[#This Row],[perceived_stress_scale]]<=26,"Moderate Stress",stdsurvey[[#This Row],[perceived_stress_scale]]<=40,"High Stress")} -> Low Stress | P22: 85.9 | Q22: 2 | R22: {=_xlfn.IFS(stdsurvey[[#This Row],[class_attendance_percent]]<60,"Less than 0%",stdsurvey[[#This Row],[class_attendance_percent]]<70,"60-70 %",stdsurvey[[#This Row],[class_attendance_percent]]<80, "70-80%",stdsurvey[[#This Row],[class_attendance_percent]]<90,"80-90%",TRUE,"More than 90%")} -> 80-90% | S22: Yes | T22: 4 | U22: Spring | V22: 2.99 | W22: {=_xlfn.IFS( stdsurvey[[#This Row],[daily_screen_time_hours]]<1,"<1 hr", stdsurvey[[#This Row],[daily_screen_time_hours]]<4,"1-4 hrs", stdsurvey[[#This Row],[daily_screen_time_hours]]<8,"4-8 hrs", stdsurvey[[#This Row],[daily_screen_time_hours]]<12,"8-12 hrs", stdsurvey[[#This Row],[daily_screen_time_hours]]<=16,"12-16 hrs", TRUE,">16 hrs" )} -> 4-8 hrs | X22: {=_xlfn.IFS(stdsurvey[[#This Row],[daily_sleep_hours]]<4,"< 4 hrs",stdsurvey[[#This Row],[daily_sleep_hours]]<=6,"4-6 hrs",stdsurvey[[#This Row],[daily_sleep_hours]]<=8,"6-8 hrs",TRUE,"> 8 hrs")} -> 4-6 hrs | Y22: Female
A23: STU1019 | B23: 23 | C23: Female | D23: 2 | E23: STEM | F23: 4.5 | G23: 1 | H23: 2 | I23: 7 | J23: 9 | K23: {=_xlfn.IFS(stdsurvey[[#This Row],[phq9_score]]="","Answer Not Provided",stdsurvey[[#This Row],[phq9_score]]<=4,"Minimal",stdsurvey[[#This Row],[phq9_score]]<=9,"Mild",stdsurvey[[#This Row],[phq9_score]]<=14,"Moderate",stdsurvey[[#This Row],[phq9_score]]<=19,"Moderately Severe",stdsurvey[[#This Row],[phq9_score]]<=27,"Severe")} -> Mild | L23: 17 | M23: {=_xlfn.IFS(stdsurvey[[#This Row],[gad7_score]]="","Answer Not Provided",stdsurvey[[#This Row],[gad7_score]]<=4,"Minimal",stdsurvey[[#This Row],[gad7_score]]<=9,"Mild",stdsurvey[[#This Row],[gad7_score]]<=14,"Moderate",stdsurvey[[#This Row],[gad7_score]]<=21,"Severe")} -> Mild | N23: 11.9 | O23: {=_xlfn.IFS(stdsurvey[[#This Row],[perceived_stress_scale]]="","Answer Not Provided",stdsurvey[[#This Row],[perceived_stress_scale]]<=13,"Low Stress",stdsurvey[[#This Row],[perceived_stress_scale]]<=26,"Moderate Stress",stdsurvey[[#This Row],[perceived_stress_scale]]<=40,"High Stress")} -> Moderate Stress | P23: 92 | Q23: 5 | R23: {=_xlfn.IFS(stdsurvey[[#This Row],[class_attendance_percent]]<60,"Less than 0%",stdsurvey[[#This Row],[class_attendance_percent]]<70,"60-70 %",stdsurvey[[#This Row],[class_attendance_percent]]<80, "70-80%",stdsurvey[[#This Row],[class_attendance_percent]]<90,"80-90%",TRUE,"More than 90%")} -> More than 90% | S23: No | T23: 3 | U23: Fall | V23: 2.78 | W23: {=_xlfn.IFS( stdsurvey[[#This Row],[daily_screen_time_hours]]<1,"<1 hr", stdsurvey[[#This Row],[daily_screen_time_hours]]<4,"1-4 hrs", stdsurvey[[#This Row],[daily_screen_time_hours]]<8,"4-8 hrs", stdsurvey[[#This Row],[daily_screen_time_hours]]<12,"8-12 hrs", stdsurvey[[#This Row],[daily_screen_time_hours]]<=16,"12-16 hrs", TRUE,">16 hrs" )} -> 1-4 hrs | X23: {=_xlfn.IFS(stdsurvey[[#This Row],[daily_sleep_hours]]<4,"< 4 hrs",stdsurvey[[#This Row],[daily_sleep_hours]]<=6,"4-6 hrs",stdsurvey[[#This Row],[daily_sleep_hours]]<=8,"6-8 hrs",TRUE,"> 8 hrs")} -> 4-6 hrs | Y23: Female
A24: STU1020 | B24: 21 | C24: Male | D24: 2 | E24: Arts | F24: 6.4 | G24: 2.8 | H24: 5 | I24: 4 | J24: 3 | K24: {=_xlfn.IFS(stdsurvey[[#This Row],[phq9_score]]="","Answer Not Provided",stdsurvey[[#This Row],[phq9_score]]<=4,"Minimal",stdsurvey[[#This Row],[phq9_score]]<=9,"Mild",stdsurvey[[#This Row],[phq9_score]]<=14,"Moderate",stdsurvey[[#This Row],[phq9_score]]<=19,"Moderately Severe",stdsurvey[[#This Row],[phq9_score]]<=27,"Severe")} -> Minimal | L24: 8 | M24: {=_xlfn.IFS(stdsurvey[[#This Row],[gad7_score]]="","Answer Not Provided",stdsurvey[[#This Row],[gad7_score]]<=4,"Minimal",stdsurvey[[#This Row],[gad7_score]]<=9,"Mild",stdsurvey[[#This Row],[gad7_score]]<=14,"Moderate",stdsurvey[[#This Row],[gad7_score]]<=21,"Severe")} -> Minimal | N24: 17.5 | O24: {=_xlfn.IFS(stdsurvey[[#This Row],[perceived_stress_scale]]="","Answer Not Provided",stdsurvey[[#This Row],[perceived_stress_scale]]<=13,"Low Stress",stdsurvey[[#This Row],[perceived_stress_scale]]<=26,"Moderate Stress",stdsurvey[[#This Row],[perceived_stress_scale]]<=40,"High Stress")} -> Low Stress | P24: 66.7 | Q24: 2 | R24: {=_xlfn.IFS(stdsurvey[[#This Row],[class_attendance_percent]]<60,"Less than 0%",stdsurvey[[#This Row],[class_attendance_percent]]<70,"60-70 %",stdsurvey[[#This Row],[class_attendance_percent]]<80, "70-80%",stdsurvey[[#This Row],[class_attendance_percent]]<90,"80-90%",TRUE,"More than 90%")} -> 60-70 % | S24: No | T24: 1 | U24: Spring | V24: 2.73 | W24: {=_xlfn.IFS( stdsurvey[[#This Row],[daily_screen_time_hours]]<1,"<1 hr", stdsurvey[[#This Row],[daily_screen_time_hours]]<4,"1-4 hrs", stdsurvey[[#This Row],[daily_screen_time_hours]]<8,"4-8 hrs", stdsurvey[[#This Row],[daily_screen_time_hours]]<12,"8-12 hrs", stdsurvey[[#This Row],[daily_screen_time_hours]]<=16,"12-16 hrs", TRUE,">16 hrs" )} -> 1-4 hrs | X24: {=_xlfn.IFS(stdsurvey[[#This Row],[daily_sleep_hours]]<4,"< 4 hrs",stdsurvey[[#This Row],[daily_sleep_hours]]<=6,"4-6 hrs",stdsurvey[[#This Row],[daily_sleep_hours]]<=8,"6-8 hrs",TRUE,"> 8 hrs")} -> 6-8 hrs | Y24: Male
A25: STU1021 | B25: 21 | C25: Male | D25: 4 | E25: STEM | F25: 7.1 | G25: 1 | H25: 0 | I25: 7 | J25: 9 | K25: {=_xlfn.IFS(stdsurvey[[#This Row],[phq9_score]]="","Answer Not Provided",stdsurvey[[#This Row],[phq9_score]]<=4,"Minimal",stdsurvey[[#This Row],[phq9_score]]<=9,"Mild",stdsurvey[[#This Row],[phq9_score]]<=14,"Moderate",stdsurvey[[#This Row],[phq9_score]]<=19,"Moderately Severe",stdsurvey[[#This Row],[phq9_score]]<=27,"Severe")} -> Mild | L25: 19 | M25: {=_xlfn.IFS(stdsurvey[[#This Row],[gad7_score]]="","Answer Not Provided",stdsurvey[[#This Row],[gad7_score]]<=4,"Minimal",stdsurvey[[#This Row],[gad7_score]]<=9,"Mild",stdsurvey[[#This Row],[gad7_score]]<=14,"Moderate",stdsurvey[[#This Row],[gad7_score]]<=21,"Severe")} -> Mild | N25: 26.8 | O25: {=_xlfn.IFS(stdsurvey[[#This Row],[perceived_stress_scale]]="","Answer Not Provided",stdsurvey[[#This Row],[perceived_stress_scale]]<=13,"Low Stress",stdsurvey[[#This Row],[perceived_stress_scale]]<=26,"Moderate Stress",stdsurvey[[#This Row],[perceived_stress_scale]]<=40,"High Stress")} -> Moderate Stress | P25: 80 | Q25: 4 | R25: {=_xlfn.IFS(stdsurvey[[#This Row],[class_attendance_percent]]<60,"Less than 0%",stdsurvey[[#This Row],[class_attendance_percent]]<70,"60-70 %",stdsurvey[[#This Row],[class_attendance_percent]]<80, "70-80%",stdsurvey[[#This Row],[class_attendance_percent]]<90,"80-90%",TRUE,"More than 90%")} -> 80-90% | S25: Yes | T25: 4 | U25: Spring | V25: 3.29 | W25: {=_xlfn.IFS( stdsurvey[[#This Row],[daily_screen_time_hours]]<1,"<1 hr", stdsurvey[[#This Row],[daily_screen_time_hours]]<4,"1-4 hrs", stdsurvey[[#This Row],[daily_screen_time_hours]]<8,"4-8 hrs", stdsurvey[[#This Row],[daily_screen_time_hours]]<12,"8-12 hrs", stdsurvey[[#This Row],[daily_screen_time_hours]]<=16,"12-16 hrs", TRUE,">16 hrs" )} -> 1-4 hrs | X25: {=_xlfn.IFS(stdsurvey[[#This Row],[daily_sleep_hours]]<4,"< 4 hrs",stdsurvey[[#This Row],[daily_sleep_hours]]<=6,"4-6 hrs",stdsurvey[[#This Row],[daily_sleep_hours]]<=8,"6-8 hrs",TRUE,"> 8 hrs")} -> 6-8 hrs | Y25: Male
A26: STU1022 | B26: 20 | C26: M | D26: 4 | E26: Social Sciences | F26: 4.5 | G26: 4.3 | H26: 1 | I26: 2 | J26: 2 | K26: {=_xlfn.IFS(stdsurvey[[#This Row],[phq9_score]]="","Answer Not Provided",stdsurvey[[#This Row],[phq9_score]]<=4,"Minimal",stdsurvey[[#This Row],[phq9_score]]<=9,"Mild",stdsurvey[[#This Row],[phq9_score]]<=14,"Moderate",stdsurvey[[#This Row],[phq9_score]]<=19,"Moderately Severe",stdsurvey[[#This Row],[phq9_score]]<=27,"Severe")} -> Minimal | L26: 2 | M26: {=_xlfn.IFS(stdsurvey[[#This Row],[gad7_score]]="","Answer Not Provided",stdsurvey[[#This Row],[gad7_score]]<=4,"Minimal",stdsurvey[[#This Row],[gad7_score]]<=9,"Mild",stdsurvey[[#This Row],[gad7_score]]<=14,"Moderate",stdsurvey[[#This Row],[gad7_score]]<=21,"Severe")} -> Minimal | N26: 14.1 | O26: {=_xlfn.IFS(stdsurvey[[#This Row],[perceived_stress_scale]]="","Answer Not Provided",stdsurvey[[#This Row],[perceived_stress_scale]]<=13,"Low Stress",stdsurvey[[#This Row],[perceived_stress_scale]]<=26,"Moderate Stress",stdsurvey[[#This Row],[perceived_stress_scale]]<=40,"High Stress")} -> Low Stress | P26: 72.7 | Q26: 2 | R26: {=_xlfn.IFS(stdsurvey[[#This Row],[class_attendance_percent]]<60,"Less than 0%",stdsurvey[[#This Row],[class_attendance_percent]]<70,"60-70 %",stdsurvey[[#This Row],[class_attendance_percent]]<80, "70-80%",stdsurvey[[#This Row],[class_attendance_percent]]<90,"80-90%",TRUE,"More than 90%")} -> 70-80% | S26: No | T26: 5 | U26: Spring | V26: 2.88 | W26: {=_xlfn.IFS( stdsurvey[[#This Row],[daily_screen_time_hours]]<1,"<1 hr", stdsurvey[[#This Row],[daily_screen_time_hours]]<4,"1-4 hrs", stdsurvey[[#This Row],[daily_screen_time_hours]]<8,"4-8 hrs", stdsurvey[[#This Row],[daily_screen_time_hours]]<12,"8-12 hrs", stdsurvey[[#This Row],[daily_screen_time_hours]]<=16,"12-16 hrs", TRUE,">16 hrs" )} -> 4-8 hrs | X26: {=_xlfn.IFS(stdsurvey[[#This Row],[daily_sleep_hours]]<4,"< 4 hrs",stdsurvey[[#This Row],[daily_sleep_hours]]<=6,"4-6 hrs",stdsurvey[[#This Row],[daily_sleep_hours]]<=8,"6-8 hrs",TRUE,"> 8 hrs")} -> 4-6 hrs | Y26: Male
A27: STU1023 | B27: 24 | C27: Female | D27: 4 | E27: Health Sciences | F27: 6.4 | G27: 2.4 | H27: 4 | I27: 13 | J27: 9 | K27: {=_xlfn.IFS(stdsurvey[[#This Row],[phq9_score]]="","Answer Not Provided",stdsurvey[[#This Row],[phq9_score]]<=4,"Minimal",stdsurvey[[#This Row],[phq9_score]]<=9,"Mild",stdsurvey[[#This Row],[phq9_score]]<=14,"Moderate",stdsurvey[[#This Row],[phq9_score]]<=19,"Moderately Severe",stdsurvey[[#This Row],[phq9_score]]<=27,"Severe")} -> Moderate | L27: 20 | M27: {=_xlfn.IFS(stdsurvey[[#This Row],[gad7_score]]="","Answer Not Provided",stdsurvey[[#This Row],[gad7_score]]<=4,"Minimal",stdsurvey[[#This Row],[gad7_score]]<=9,"Mild",stdsurvey[[#This Row],[gad7_score]]<=14,"Moderate",stdsurvey[[#This Row],[gad7_score]]<=21,"Severe")} -> Mild | N27: 14.7 | O27: {=_xlfn.IFS(stdsurvey[[#This Row],[perceived_stress_scale]]="","Answer Not Provided",stdsurvey[[#This Row],[perceived_stress_scale]]<=13,"Low Stress",stdsurvey[[#This Row],[perceived_stress_scale]]<=26,"Moderate Stress",stdsurvey[[#This Row],[perceived_stress_scale]]<=40,"High Stress")} -> Moderate Stress | P27: 69.3 | Q27: 2 | R27: {=_xlfn.IFS(stdsurvey[[#This Row],[class_attendance_percent]]<60,"Less than 0%",stdsurvey[[#This Row],[class_attendance_percent]]<70,"60-70 %",stdsurvey[[#This Row],[class_attendance_percent]]<80, "70-80%",stdsurvey[[#This Row],[class_attendance_percent]]<90,"80-90%",TRUE,"More than 90%")} -> 60-70 % | S27: Yes | T27: 2 | U27: Spring | V27: 2.96 | W27: {=_xlfn.IFS( stdsurvey[[#This Row],[daily_screen_time_hours]]<1,"<1 hr", stdsurvey[[#This Row],[daily_screen_time_hours]]<4,"1-4 hrs", stdsurvey[[#This Row],[daily_screen_time_hours]]<8,"4-8 hrs", stdsurvey[[#This Row],[daily_screen_time_hours]]<12,"8-12 hrs", stdsurvey[[#This Row],[daily_screen_time_hours]]<=16,"12-16 hrs", TRUE,">16 hrs" )} -> 1-4 hrs | X27: {=_xlfn.IFS(stdsurvey[[#This Row],[daily_sleep_hours]]<4,"< 4 hrs",stdsurvey[[#This Row],[daily_sleep_hours]]<=6,"4-6 hrs",stdsurvey[[#This Row],[daily_sleep_hours]]<=8,"6-8 hrs",TRUE,"> 8 hrs")} -> 6-8 hrs | Y27: Female
A28: STU1024 | B28: 21 | C28: Female | D28: 5 | E28: STEM | F28: 6.5 | G28: 2.6 | H28: 2 | I28: 25 | J28: 21 | K28: {=_xlfn.IFS(stdsurvey[[#This Row],[phq9_score]]="","Answer Not Provided",stdsurvey[[#This Row],[phq9_score]]<=4,"Minimal",stdsurvey[[#This Row],[phq9_score]]<=9,"Mild",stdsurvey[[#This Row],[phq9_score]]<=14,"Moderate",stdsurvey[[#This Row],[phq9_score]]<=19,"Moderately Severe",stdsurvey[[#This Row],[phq9_score]]<=27,"Severe")} -> Severe | L28: 31 | M28: {=_xlfn.IFS(stdsurvey[[#This Row],[gad7_score]]="","Answer Not Provided",stdsurvey[[#This Row],[gad7_score]]<=4,"Minimal",stdsurvey[[#This Row],[gad7_score]]<=9,"Mild",stdsurvey[[#This Row],[gad7_score]]<=14,"Moderate",stdsurvey[[#This Row],[gad7_score]]<=21,"Severe")} -> Severe | N28: 12.8 | O28: {=_xlfn.IFS(stdsurvey[[#This Row],[perceived_stress_scale]]="","Answer Not Provided",stdsurvey[[#This Row],[perceived_stress_scale]]<=13,"Low Stress",stdsurvey[[#This Row],[perceived_stress_scale]]<=26,"Moderate Stress",stdsurvey[[#This Row],[perceived_stress_scale]]<=40,"High Stress")} -> High Stress | P28: 62.4 | Q28: 1 | R28: {=_xlfn.IFS(stdsurvey[[#This Row],[class_attendance_percent]]<60,"Less than 0%",stdsurvey[[#This Row],[class_attendance_percent]]<70,"60-70 %",stdsurvey[[#This Row],[class_attendance_percent]]<80, "70-80%",stdsurvey[[#This Row],[class_attendance_percent]]<90,"80-90%",TRUE,"More than 90%")} -> 60-70 % | S28: No | T28: 2 | U28: Spring | V28: 2.26 | W28: {=_xlfn.IFS( stdsurvey[[#This Row],[daily_screen_time_hours]]<1,"<1 hr", stdsurvey[[#This Row],[daily_screen_time_hours]]<4,"1-4 hrs", stdsurvey[[#This Row],[daily_screen_time_hours]]<8,"4-8 hrs", stdsurvey[[#This Row],[daily_screen_time_hours]]<12,"8-12 hrs", stdsurvey[[#This Row],[daily_screen_time_hours]]<=16,"12-16 hrs", TRUE,">16 hrs" )} -> 1-4 hrs | X28: {=_xlfn.IFS(stdsurvey[[#This Row],[daily_sleep_hours]]<4,"< 4 hrs",stdsurvey[[#This Row],[daily_sleep_hours]]<=6,"4-6 hrs",stdsurvey[[#This Row],[daily_sleep_hours]]<=8,"6-8 hrs",TRUE,"> 8 hrs")} -> 6-8 hrs | Y28: Female
A29: STU1025 | B29: 21 | C29: Non-binary | D29: 4 | E29: STEM | F29: 3 | G29: 10.6 | H29: 1 | I29: 4 | J29: 7 | K29: {=_xlfn.IFS(stdsurvey[[#This Row],[phq9_score]]="","Answer Not Provided",stdsurvey[[#This Row],[phq9_score]]<=4,"Minimal",stdsurvey[[#This Row],[phq9_score]]<=9,"Mild",stdsurvey[[#This Row],[phq9_score]]<=14,"Moderate",stdsurvey[[#This Row],[phq9_score]]<=19,"Moderately Severe",stdsurvey[[#This Row],[phq9_score]]<=27,"Severe")} -> Minimal | L29: 10 | M29: {=_xlfn.IFS(stdsurvey[[#This Row],[gad7_score]]="","Answer Not Provided",stdsurvey[[#This Row],[gad7_score]]<=4,"Minimal",stdsurvey[[#This Row],[gad7_score]]<=9,"Mild",stdsurvey[[#This Row],[gad7_score]]<=14,"Moderate",stdsurvey[[#This Row],[gad7_score]]<=21,"Severe")} -> Mild | N29: 13.2 | O29: {=_xlfn.IFS(stdsurvey[[#This Row],[perceived_stress_scale]]="","Answer Not Provided",stdsurvey[[#This Row],[perceived_stress_scale]]<=13,"Low Stress",stdsurvey[[#This Row],[perceived_stress_scale]]<=26,"Moderate Stress",stdsurvey[[#This Row],[perceived_stress_scale]]<=40,"High Stress")} -> Low Stress | P29: 97.3 | Q29: 3 | R29: {=_xlfn.IFS(stdsurvey[[#This Row],[class_attendance_percent]]<60,"Less than 0%",stdsurvey[[#This Row],[class_attendance_percent]]<70,"60-70 %",stdsurvey[[#This Row],[class_attendance_percent]]<80, "70-80%",stdsurvey[[#This Row],[class_attendance_percent]]<90,"80-90%",TRUE,"More than 90%")} -> More than 90% | S29: No | T29: 2 | U29: Fall | V29: 3.06 | W29: {=_xlfn.IFS( stdsurvey[[#This Row],[daily_screen_time_hours]]<1,"<1 hr", stdsurvey[[#This Row],[daily_screen_time_hours]]<4,"1-4 hrs", stdsurvey[[#This Row],[daily_screen_time_hours]]<8,"4-8 hrs", stdsurvey[[#This Row],[daily_screen_time_hours]]<12,"8-12 hrs", stdsurvey[[#This Row],[daily_screen_time_hours]]<=16,"12-16 hrs", TRUE,">16 hrs" )} -> 8-12 hrs | X29: {=_xlfn.IFS(stdsurvey[[#This Row],[daily_sleep_hours]]<4,"< 4 hrs",stdsurvey[[#This Row],[daily_sleep_hours]]<=6,"4-6 hrs",stdsurvey[[#This Row],[daily_sleep_hours]]<=8,"6-8 hrs",TRUE,"> 8 hrs")} -> < 4 hrs | Y29: Non-binary
A30: STU1026 | B30: 21 | C30: male | D30: 4 | E30: Law | F30: 5.3 | G30: 2.9 | H30: 1 | I30: 3 | J30: 4 | K30: {=_xlfn.IFS(stdsurvey[[#This Row],[phq9_score]]="","Answer Not Provided",stdsurvey[[#This Row],[phq9_score]]<=4,"Minimal",stdsurvey[[#This Row],[phq9_score]]<=9,"Mild",stdsurvey[[#This Row],[phq9_score]]<=14,"Moderate",stdsurvey[[#This Row],[phq9_score]]<=19,"Moderately Severe",stdsurvey[[#This Row],[phq9_score]]<=27,"Severe")} -> Minimal | L30: 5 | M30: {=_xlfn.IFS(stdsurvey[[#This Row],[gad7_score]]="","Answer Not Provided",stdsurvey[[#This Row],[gad7_score]]<=4,"Minimal",stdsurvey[[#This Row],[gad7_score]]<=9,"Mild",stdsurvey[[#This Row],[gad7_score]]<=14,"Moderate",stdsurvey[[#This Row],[gad7_score]]<=21,"Severe")} -> Minimal | N30: 19 | O30: {=_xlfn.IFS(stdsurvey[[#This Row],[perceived_stress_scale]]="","Answer Not Provided",stdsurvey[[#This Row],[perceived_stress_scale]]<=13,"Low Stress",stdsurvey[[#This Row],[perceived_stress_scale]]<=26,"Moderate Stress",stdsurvey[[#This Row],[perceived_stress_scale]]<=40,"High Stress")} -> Low Stress | P30: 73.8 | Q30: 4 | R30: {=_xlfn.IFS(stdsurvey[[#This Row],[class_attendance_percent]]<60,"Less than 0%",stdsurvey[[#This Row],[class_attendance_percent]]<70,"60-70 %",stdsurvey[[#This Row],[class_attendance_percent]]<80, "70-80%",stdsurvey[[#This Row],[class_attendance_percent]]<90,"80-90%",TRUE,"More than 90%")} -> 70-80% | S30: Yes | T30: 3 | U30: Spring | V30: 2.88 | W30: {=_xlfn.IFS( stdsurvey[[#This Row],[daily_screen_time_hours]]<1,"<1 hr", stdsurvey[[#This Row],[daily_screen_time_hours]]<4,"1-4 hrs", stdsurvey[[#This Row],[daily_screen_time_hours]]<8,"4-8 hrs", stdsurvey[[#This Row],[daily_screen_time_hours]]<12,"8-12 hrs", stdsurvey[[#This Row],[daily_screen_time_hours]]<=16,"12-16 hrs", TRUE,">16 hrs" )} -> 1-4 hrs | X30: {=_xlfn.IFS(stdsurvey[[#This Row],[daily_sleep_hours]]<4,"< 4 hrs",stdsurvey[[#This Row],[daily_sleep_hours]]<=6,"4-6 hrs",stdsurvey[[#This Row],[daily_sleep_hours]]<=8,"6-8 hrs",TRUE,"> 8 hrs")} -> 4-6 hrs | Y30: Male
A31: STU1027 | B31: 23 | C31: Male | D31: 4 | E31: STEM | F31: 6.5 | G31: 9.7 | H31: 3 | K31: {=_xlfn.IFS(stdsurvey[[#This Row],[phq9_score]]="","Answer Not Provided",stdsurvey[[#This Row],[phq9_score]]<=4,"Minimal",stdsurvey[[#This Row],[phq9_score]]<=9,"Mild",stdsurvey[[#This Row],[phq9_score]]<=14,"Moderate",stdsurvey[[#This Row],[phq9_score]]<=19,"Moderately Severe",stdsurvey[[#This Row],[phq9_score]]<=27,"Severe")} -> Answer Not Provided | L31: 11 | M31: {=_xlfn.IFS(stdsurvey[[#This Row],[gad7_score]]="","Answer Not Provided",stdsurvey[[#This Row],[gad7_score]]<=4,"Minimal",stdsurvey[[#This Row],[gad7_score]]<=9,"Mild",stdsurvey[[#This Row],[gad7_score]]<=14,"Moderate",stdsurvey[[#This Row],[gad7_score]]<=21,"Severe")} -> Answer Not Provided | N31: 21.1 | O31: {=_xlfn.IFS(stdsurvey[[#This Row],[perceived_stress_scale]]="","Answer Not Provided",stdsurvey[[#This Row],[perceived_stress_scale]]<=13,"Low Stress",stdsurvey[[#This Row],[perceived_stress_scale]]<=26,"Moderate Stress",stdsurvey[[#This Row],[perceived_stress_scale]]<=40,"High Stress")} -> Low Stress | P31: 88.4 | Q31: 3 | R31: {=_xlfn.IFS(stdsurvey[[#This Row],[class_attendance_percent]]<60,"Less than 0%",stdsurvey[[#This Row],[class_attendance_percent]]<70,"60-70 %",stdsurvey[[#This Row],[class_attendance_percent]]<80, "70-80%",stdsurvey[[#This Row],[class_attendance_percent]]<90,"80-90%",TRUE,"More than 90%")} -> 80-90% | S31: No | T31: 2 | U31: Fall | V31: 3.31 | W31: {=_xlfn.IFS( stdsurvey[[#This Row],[daily_screen_time_hours]]<1,"<1 hr", stdsurvey[[#This Row],[daily_screen_time_hours]]<4,"1-4 hrs", stdsurvey[[#This Row],[daily_screen_time_hours]]<8,"4-8 hrs", stdsurvey[[#This Row],[daily_screen_time_hours]]<12,"8-12 hrs", stdsurvey[[#This Row],[daily_screen_time_hours]]<=16,"12-16 hrs", TRUE,">16 hrs" )} -> 8-12 hrs | X31: {=_xlfn.IFS(stdsurvey[[#This Row],[daily_sleep_hours]]<4,"< 4 hrs",stdsurvey[[#This Row],[daily_sleep_hours]]<=6,"4-6 hrs",stdsurvey[[#This Row],[daily_sleep_hours]]<=8,"6-8 hrs",TRUE,"> 8 hrs")} -> 6-8 hrs | Y31: Male
A32: STU1028 | B32: 22 | C32: Female | D32: 3 | E32: Business | F32: 7.1 | G32: 2.3 | H32: 4 | I32: 3 | J32: 3 | K32: {=_xlfn.IFS(stdsurvey[[#This Row],[phq9_score]]="","Answer Not Provided",stdsurvey[[#This Row],[phq9_score]]<=4,"Minimal",stdsurvey[[#This Row],[phq9_score]]<=9,"Mild",stdsurvey[[#This Row],[phq9_score]]<=14,"Moderate",stdsurvey[[#This Row],[phq9_score]]<=19,"Moderately Severe",stdsurvey[[#This Row],[phq9_score]]<=27,"Severe")} -> Minimal | L32: 10 | M32: {=_xlfn.IFS(stdsurvey[[#This Row],[gad7_score]]="","Answer Not Provided",stdsurvey[[#This Row],[gad7_score]]<=4,"Minimal",stdsurvey[[#This Row],[gad7_score]]<=9,"Mild",stdsurvey[[#This Row],[gad7_score]]<=14,"Moderate",stdsurvey[[#This Row],[gad7_score]]<=21,"Severe")} -> Minimal | N32: 13.2 | O32: {=_xlfn.IFS(stdsurvey[[#This Row],[perceived_stress_scale]]="","Answer Not Provided",stdsurvey[[#This Row],[perceived_stress_scale]]<=13,"Low Stress",stdsurvey[[#This Row],[perceived_stress_scale]]<=26,"Moderate Stress",stdsurvey[[#This Row],[perceived_stress_scale]]<=40,"High Stress")} -> Low Stress | P32: 83.8 | Q32: 4 | R32: {=_xlfn.IFS(stdsurvey[[#This Row],[class_attendance_percent]]<60,"Less than 0%",stdsurvey[[#This Row],[class_attendance_percent]]<70,"60-70 %",stdsurvey[[#This Row],[class_attendance_percent]]<80, "70-80%",stdsurvey[[#This Row],[class_attendance_percent]]<90,"80-90%",TRUE,"More than 90%")} -> 80-90% | S32: No | T32: 3 | U32: Summer | V32: 2.96 | W32: {=_xlfn.IFS( stdsurvey[[#This Row],[daily_screen_time_hours]]<1,"<1 hr", stdsurvey[[#This Row],[daily_screen_time_hours]]<4,"1-4 hrs", stdsurvey[[#This Row],[daily_screen_time_hours]]<8,"4-8 hrs", stdsurvey[[#This Row],[daily_screen_time_hours]]<12,"8-12 hrs", stdsurvey[[#This Row],[daily_screen_time_hours]]<=16,"12-16 hrs", TRUE,">16 hrs" )} -> 1-4 hrs | X32: {=_xlfn.IFS(stdsurvey[[#This Row],[daily_sleep_hours]]<4,"< 4 hrs",stdsurvey[[#This Row],[daily_sleep_hours]]<=6,"4-6 hrs",stdsurvey[[#This Row],[daily_sleep_hours]]<=8,"6-8 hrs",TRUE,"> 8 hrs")} -> 6-8 hrs | Y32: Female
A33: STU1029 | B33: 22 | C33: Female | D33: 2 | E33: Business | F33: 4.5 | G33: 4.6 | H33: 0 | I33: 3 | J33: 4 | K33: {=_xlfn.IFS(stdsurvey[[#This Row],[phq9_score]]="","Answer Not Provided",stdsurvey[[#This Row],[phq9_score]]<=4,"Minimal",stdsurvey[[#This Row],[phq9_score]]<=9,"Mild",stdsurvey[[#This Row],[phq9_score]]<=14,"Moderate",stdsurvey[[#This Row],[phq9_score]]<=19,"Moderately Severe",stdsurvey[[#This Row],[phq9_score]]<=27,"Severe")} -> Minimal | L33: 14 | M33: {=_xlfn.IFS(stdsurvey[[#This Row],[gad7_score]]="","Answer Not Provided",stdsurvey[[#This Row],[gad7_score]]<=4,"Minimal",stdsurvey[[#This Row],[gad7_score]]<=9,"Mild",stdsurvey[[#This Row],[gad7_score]]<=14,"Moderate",stdsurvey[[#This Row],[gad7_score]]<=21,"Severe")} -> Minimal | N33: 34.4 | O33: {=_xlfn.IFS(stdsurvey[[#This Row],[perceived_stress_scale]]="","Answer Not Provided",stdsurvey[[#This Row],[perceived_stress_scale]]<=13,"Low Stress",stdsurvey[[#This Row],[perceived_stress_scale]]<=26,"Moderate Stress",stdsurvey[[#This Row],[perceived_stress_scale]]<=40,"High Stress")} -> Moderate Stress | P33: 66.7 | Q33: 4 | R33: {=_xlfn.IFS(stdsurvey[[#This Row],[class_attendance_percent]]<60,"Less than 0%",stdsurvey[[#This Row],[class_attendance_percent]]<70,"60-70 %",stdsurvey[[#This Row],[class_attendance_percent]]<80, "70-80%",stdsurvey[[#This Row],[class_attendance_percent]]<90,"80-90%",TRUE,"More than 90%")} -> 60-70 % | S33: No | T33: 4 | U33: Spring | V33: 3.31 | W33: {=_xlfn.IFS( stdsurvey[[#This Row],[daily_screen_time_hours]]<1,"<1 hr", stdsurvey[[#This Row],[daily_screen_time_hours]]<4,"1-4 hrs", stdsurvey[[#This Row],[daily_screen_time_hours]]<8,"4-8 hrs", stdsurvey[[#This Row],[daily_screen_time_hours]]<12,"8-12 hrs", stdsurvey[[#This Row],[daily_screen_time_hours]]<=16,"12-16 hrs", TRUE,">16 hrs" )} -> 4-8 hrs | X33: {=_xlfn.IFS(stdsurvey[[#This Row],[daily_sleep_hours]]<4,"< 4 hrs",stdsurvey[[#This Row],[daily_sleep_hours]]<=6,"4-6 hrs",stdsurvey[[#This Row],[daily_sleep_hours]]<=8,"6-8 hrs",TRUE,"> 8 hrs")} -> 4-6 hrs | Y33: Female
A34: STU1030 | B34: 22 | C34: Female | D34: 2 | E34: STEM | F34: 6 | G34: 4.2 | H34: 0 | I34: 14 | J34: 10 | K34: {=_xlfn.IFS(stdsurvey[[#This Row],[phq9_score]]="","Answer Not Provided",stdsurvey[[#This Row],[phq9_score]]<=4,"Minimal",stdsurvey[[#This Row],[phq9_score]]<=9,"Mild",stdsurvey[[#This Row],[phq9_score]]<=14,"Moderate",stdsurvey[[#This Row],[phq9_score]]<=19,"Moderately Severe",stdsurvey[[#This Row],[phq9_score]]<=27,"Severe")} -> Moderate | L34: 22 | M34: {=_xlfn.IFS(stdsurvey[[#This Row],[gad7_score]]="","Answer Not Provided",stdsurvey[[#This Row],[gad7_score]]<=4,"Minimal",stdsurvey[[#This Row],[gad7_score]]<=9,"Mild",stdsurvey[[#This Row],[gad7_score]]<=14,"Moderate",stdsurvey[[#This Row],[gad7_score]]<=21,"Severe")} -> Moderate | N34: 11.7 | O34: {=_xlfn.IFS(stdsurvey[[#This Row],[perceived_stress_scale]]="","Answer Not Provided",stdsurvey[[#This Row],[perceived_stress_scale]]<=13,"Low Stress",stdsurvey[[#This Row],[perceived_stress_scale]]<=26,"Moderate Stress",stdsurvey[[#This Row],[perceived_stress_scale]]<=40,"High Stress")} -> Moderate Stress | P34: 80 | Q34: 2 | R34: {=_xlfn.IFS(stdsurvey[[#This Row],[class_attendance_percent]]<60,"Less than 0%",stdsurvey[[#This Row],[class_attendance_percent]]<70,"60-70 %",stdsurvey[[#This Row],[class_attendance_percent]]<80, "70-80%",stdsurvey[[#This Row],[class_attendance_percent]]<90,"80-90%",TRUE,"More than 90%")} -> 80-90% | S34: Yes | T34: 3 | U34: Spring | V34: 3.32 | W34: {=_xlfn.IFS( stdsurvey[[#This Row],[daily_screen_time_hours]]<1,"<1 hr", stdsurvey[[#This Row],[daily_screen_time_hours]]<4,"1-4 hrs", stdsurvey[[#This Row],[daily_screen_time_hours]]<8,"4-8 hrs", stdsurvey[[#This Row],[daily_screen_time_hours]]<12,"8-12 hrs", stdsurvey[[#This Row],[daily_screen_time_hours]]<=16,"12-16 hrs", TRUE,">16 hrs" )} -> 4-8 hrs | X34: {=_xlfn.IFS(stdsurvey[[#This Row],[daily_sleep_hours]]<4,"< 4 hrs",stdsurvey[[#This Row],[daily_sleep_hours]]<=6,"4-6 hrs",stdsurvey[[#This Row],[daily_sleep_hours]]<=8,"6-8 hrs",TRUE,"> 8 hrs")} -> 4-6 hrs | Y34: Female
A35: STU1031 | B35: 26 | C35: M | D35: 3 | E35: Social Sciences | F35: 7.5 | G35: 8.6 | H35: 3 | I35: 3 | J35: 6 | K35: {=_xlfn.IFS(stdsurvey[[#This Row],[phq9_score]]="","Answer Not Provided",stdsurvey[[#This Row],[phq9_score]]<=4,"Minimal",stdsurvey[[#This Row],[phq9_score]]<=9,"Mild",stdsurvey[[#This Row],[phq9_score]]<=14,"Moderate",stdsurvey[[#This Row],[phq9_score]]<=19,"Moderately Severe",stdsurvey[[#This Row],[phq9_score]]<=27,"Severe")} -> Minimal | L35: 8 | M35: {=_xlfn.IFS(stdsurvey[[#This Row],[gad7_score]]="","Answer Not Provided",stdsurvey[[#This Row],[gad7_score]]<=4,"Minimal",stdsurvey[[#This Row],[gad7_score]]<=9,"Mild",stdsurvey[[#This Row],[gad7_score]]<=14,"Moderate",stdsurvey[[#This Row],[gad7_score]]<=21,"Severe")} -> Mild | N35: 27.2 | O35: {=_xlfn.IFS(stdsurvey[[#This Row],[perceived_stress_scale]]="","Answer Not Provided",stdsurvey[[#This Row],[perceived_stress_scale]]<=13,"Low Stress",stdsurvey[[#This Row],[perceived_stress_scale]]<=26,"Moderate Stress",stdsurvey[[#This Row],[perceived_stress_scale]]<=40,"High Stress")} -> Low Stress | P35: 63.4 | Q35: 1 | R35: {=_xlfn.IFS(stdsurvey[[#This Row],[class_attendance_percent]]<60,"Less than 0%",stdsurvey[[#This Row],[class_attendance_percent]]<70,"60-70 %",stdsurvey[[#This Row],[class_attendance_percent]]<80, "70-80%",stdsurvey[[#This Row],[class_attendance_percent]]<90,"80-90%",TRUE,"More than 90%")} -> 60-70 % | S35: Yes | T35: 3 | U35: Summer | V35: 2.78 | W35: {=_xlfn.IFS( stdsurvey[[#This Row],[daily_screen_time_hours]]<1,"<1 hr", stdsurvey[[#This Row],[daily_screen_time_hours]]<4,"1-4 hrs", stdsurvey[[#This Row],[daily_screen_time_hours]]<8,"4-8 hrs", stdsurvey[[#This Row],[daily_screen_time_hours]]<12,"8-12 hrs", stdsurvey[[#This Row],[daily_screen_time_hours]]<=16,"12-16 hrs", TRUE,">16 hrs" )} -> 8-12 hrs | X35: {=_xlfn.IFS(stdsurvey[[#This Row],[daily_sleep_hours]]<4,"< 4 hrs",stdsurvey[[#This Row],[daily_sleep_hours]]<=6,"4-6 hrs",stdsurvey[[#This Row],[daily_sleep_hours]]<=8,"6-8 hrs",TRUE,"> 8 hrs")} -> 6-8 hrs | Y35: Male
A36: STU1032 | B36: 21 | C36: Female | D36: 2 | E36: Social Sciences | F36: 6.9 | G36: 6.7 | H36: 6 | I36: 2 | J36: 2 | K36: {=_xlfn.IFS(stdsurvey[[#This Row],[phq9_score]]="","Answer Not Provided",stdsurvey[[#This Row],[phq9_score]]<=4,"Minimal",stdsurvey[[#This Row],[phq9_score]]<=9,"Mild",stdsurvey[[#This Row],[phq9_score]]<=14,"Moderate",stdsurvey[[#This Row],[phq9_score]]<=19,"Moderately Severe",stdsurvey[[#This Row],[phq9_score]]<=27,"Severe")} -> Minimal | L36: 4 | M36: {=_xlfn.IFS(stdsurvey[[#This Row],[gad7_score]]="","Answer Not Provided",stdsurvey[[#This Row],[gad7_score]]<=4,"Minimal",stdsurvey[[#This Row],[gad7_score]]<=9,"Mild",stdsurvey[[#This Row],[gad7_score]]<=14,"Moderate",stdsurvey[[#This Row],[gad7_score]]<=21,"Severe")} -> Minimal | N36: 11.1 | O36: {=_xlfn.IFS(stdsurvey[[#This Row],[perceived_stress_scale]]="","Answer Not Provided",stdsurvey[[#This Row],[perceived_stress_scale]]<=13,"Low Stress",stdsurvey[[#This Row],[perceived_stress_scale]]<=26,"Moderate Stress",stdsurvey[[#This Row],[perceived_stress_scale]]<=40,"High Stress")} -> Low Stress | P36: 90.5 | Q36: 4 | R36: {=_xlfn.IFS(stdsurvey[[#This Row],[class_attendance_percent]]<60,"Less than 0%",stdsurvey[[#This Row],[class_attendance_percent]]<70,"60-70 %",stdsurvey[[#This Row],[class_attendance_percent]]<80, "70-80%",stdsurvey[[#This Row],[class_attendance_percent]]<90,"80-90%",TRUE,"More than 90%")} -> More than 90% | S36: No | T36: 1 | U36: Spring | V36: 3.34 | W36: {=_xlfn.IFS( stdsurvey[[#This Row],[daily_screen_time_hours]]<1,"<1 hr", stdsurvey[[#This Row],[daily_screen_time_hours]]<4,"1-4 hrs", stdsurvey[[#This Row],[daily_screen_time_hours]]<8,"4-8 hrs", stdsurvey[[#This Row],[daily_screen_time_hours]]<12,"8-12 hrs", stdsurvey[[#This Row],[daily_screen_time_hours]]<=16,"12-16 hrs", TRUE,">16 hrs" )} -> 4-8 hrs | X36: {=_xlfn.IFS(stdsurvey[[#This Row],[daily_sleep_hours]]<4,"< 4 hrs",stdsurvey[[#This Row],[daily_sleep_hours]]<=6,"4-6 hrs",stdsurvey[[#This Row],[daily_sleep_hours]]<=8,"6-8 hrs",TRUE,"> 8 hrs")} -> 6-8 hrs | Y36: Female
A37: STU1033 | B37: 20 | C37: male | D37: 2 | E37: Business | F37: 6.1 | G37: 3.4 | H37: 2 | I37: 6 | J37: 9 | K37: {=_xlfn.IFS(stdsurvey[[#This Row],[phq9_score]]="","Answer Not Provided",stdsurvey[[#This Row],[phq9_score]]<=4,"Minimal",stdsurvey[[#This Row],[phq9_score]]<=9,"Mild",stdsurvey[[#This Row],[phq9_score]]<=14,"Moderate",stdsurvey[[#This Row],[phq9_score]]<=19,"Moderately Severe",stdsurvey[[#This Row],[phq9_score]]<=27,"Severe")} -> Mild | L37: 9 | M37: {=_xlfn.IFS(stdsurvey[[#This Row],[gad7_score]]="","Answer Not Provided",stdsurvey[[#This Row],[gad7_score]]<=4,"Minimal",stdsurvey[[#This Row],[gad7_score]]<=9,"Mild",stdsurvey[[#This Row],[gad7_score]]<=14,"Moderate",stdsurvey[[#This Row],[gad7_score]]<=21,"Severe")} -> Mild | N37: 18.1 | O37: {=_xlfn.IFS(stdsurvey[[#This Row],[perceived_stress_scale]]="","Answer Not Provided",stdsurvey[[#This Row],[perceived_stress_scale]]<=13,"Low Stress",stdsurvey[[#This Row],[perceived_stress_scale]]<=26,"Moderate Stress",stdsurvey[[#This Row],[perceived_stress_scale]]<=40,"High Stress")} -> Low Stress | P37: 67.4 | Q37: 4 | R37: {=_xlfn.IFS(stdsurvey[[#This Row],[class_attendance_percent]]<60,"Less than 0%",stdsurvey[[#This Row],[class_attendance_percent]]<70,"60-70 %",stdsurvey[[#This Row],[class_attendance_percent]]<80, "70-80%",stdsurvey[[#This Row],[class_attendance_percent]]<90,"80-90%",TRUE,"More than 90%")} -> 60-70 % | S37: No | T37: 5 | U37: Spring | V37: 2.28 | W37: {=_xlfn.IFS( stdsurvey[[#This Row],[daily_screen_time_hours]]<1,"<1 hr", stdsurvey[[#This Row],[daily_screen_time_hours]]<4,"1-4 hrs", stdsurvey[[#This Row],[daily_screen_time_hours]]<8,"4-8 hrs", stdsurvey[[#This Row],[daily_screen_time_hours]]<12,"8-12 hrs", stdsurvey[[#This Row],[daily_screen_time_hours]]<=16,"12-16 hrs", TRUE,">16 hrs" )} -> 1-4 hrs | X37: {=_xlfn.IFS(stdsurvey[[#This Row],[daily_sleep_hours]]<4,"< 4 hrs",stdsurvey[[#This Row],[daily_sleep_hours]]<=6,"4-6 hrs",stdsurvey[[#This Row],[daily_sleep_hours]]<=8,"6-8 hrs",TRUE,"> 8 hrs")} -> 6-8 hrs | Y37: Male
A38: STU1034 | B38: 20 | C38: M | D38: 3 | E38: Health Sciences | F38: 5.4 | G38: 6.6 | H38: 6 | I38: 4 | J38: 4 | K38: {=_xlfn.IFS(stdsurvey[[#This Row],[phq9_score]]="","Answer Not Provided",stdsurvey[[#This Row],[phq9_score]]<=4,"Minimal",stdsurvey[[#This Row],[phq9_score]]<=9,"Mild",stdsurvey[[#This Row],[phq9_score]]<=14,"Moderate",stdsurvey[[#This Row],[phq9_score]]<=19,"Moderately Severe",stdsurvey[[#This Row],[phq9_score]]<=27,"Severe")} -> Minimal | L38: 14 | M38: {=_xlfn.IFS(stdsurvey[[#This Row],[gad7_score]]="","Answer Not Provided",stdsurvey[[#This Row],[gad7_score]]<=4,"Minimal",stdsurvey[[#This Row],[gad7_score]]<=9,"Mild",stdsurvey[[#This Row],[gad7_score]]<=14,"Moderate",stdsurvey[[#This Row],[gad7_score]]<=21,"Severe")} -> Minimal | N38: 28.3 | O38: {=_xlfn.IFS(stdsurvey[[#This Row],[perceived_stress_scale]]="","Answer Not Provided",stdsurvey[[#This Row],[perceived_stress_scale]]<=13,"Low Stress",stdsurvey[[#This Row],[perceived_stress_scale]]<=26,"Moderate Stress",stdsurvey[[#This Row],[perceived_stress_scale]]<=40,"High Stress")} -> Moderate Stress | P38: 84.6 | Q38: 3 | R38: {=_xlfn.IFS(stdsurvey[[#This Row],[class_attendance_percent]]<60,"Less than 0%",stdsurvey[[#This Row],[class_attendance_percent]]<70,"60-70 %",stdsurvey[[#This Row],[class_attendance_percent]]<80, "70-80%",stdsurvey[[#This Row],[class_attendance_percent]]<90,"80-90%",TRUE,"More than 90%")} -> 80-90% | S38: No | T38: 3 | U38: Fall | V38: 3.26 | W38: {=_xlfn.IFS( stdsurvey[[#This Row],[daily_screen_time_hours]]<1,"<1 hr", stdsurvey[[#This Row],[daily_screen_time_hours]]<4,"1-4 hrs", stdsurvey[[#This Row],[daily_screen_time_hours]]<8,"4-8 hrs", stdsurvey[[#This Row],[daily_screen_time_hours]]<12,"8-12 hrs", stdsurvey[[#This Row],[daily_screen_time_hours]]<=16,"12-16 hrs", TRUE,">16 hrs" )} -> 4-8 hrs | X38: {=_xlfn.IFS(stdsurvey[[#This Row],[daily_sleep_hours]]<4,"< 4 hrs",stdsurvey[[#This Row],[daily_sleep_hours]]<=6,"4-6 hrs",stdsurvey[[#This Row],[daily_sleep_hours]]<=8,"6-8 hrs",TRUE,"> 8 hrs")} -> 4-6 hrs | Y38: Male
A39: STU1035 | B39: 23 | C39: Female | D39: 2 | E39: STEM | F39: 4.8 | G39: 6.3 | H39: 5 | I39: 12 | J39: 10 | K39: {=_xlfn.IFS(stdsurvey[[#This Row],[phq9_score]]="","Answer Not Provided",stdsurvey[[#This Row],[phq9_score]]<=4,"Minimal",stdsurvey[[#This Row],[phq9_score]]<=9,"Mild",stdsurvey[[#This Row],[phq9_score]]<=14,"Moderate",stdsurvey[[#This Row],[phq9_score]]<=19,"Moderately Severe",stdsurvey[[#This Row],[phq9_score]]<=27,"Severe")} -> Moderate | L39: 15 | M39: {=_xlfn.IFS(stdsurvey[[#This Row],[gad7_score]]="","Answer Not Provided",stdsurvey[[#This Row],[gad7_score]]<=4,"Minimal",stdsurvey[[#This Row],[gad7_score]]<=9,"Mild",stdsurvey[[#This Row],[gad7_score]]<=14,"Moderate",stdsurvey[[#This Row],[gad7_score]]<=21,"Severe")} -> Moderate | N39: 26.7 | O39: {=_xlfn.IFS(stdsurvey[[#This Row],[perceived_stress_scale]]="","Answer Not Provided",stdsurvey[[#This Row],[perceived_stress_scale]]<=13,"Low Stress",stdsurvey[[#This Row],[perceived_stress_scale]]<=26,"Moderate Stress",stdsurvey[[#This Row],[perceived_stress_scale]]<=40,"High Stress")} -> Moderate Stress | P39: 56.6 | Q39: 2 | R39: {=_xlfn.IFS(stdsurvey[[#This Row],[class_attendance_percent]]<60,"Less than 0%",stdsurvey[[#This Row],[class_attendance_percent]]<70,"60-70 %",stdsurvey[[#This Row],[class_attendance_percent]]<80, "70-80%",stdsurvey[[#This Row],[class_attendance_percent]]<90,"80-90%",TRUE,"More than 90%")} -> Less than 0% | S39: No | T39: 3 | U39: Fall | V39: 2.24 | W39: {=_xlfn.IFS( stdsurvey[[#This Row],[daily_screen_time_hours]]<1,"<1 hr", stdsurvey[[#This Row],[daily_screen_time_hours]]<4,"1-4 hrs", stdsurvey[[#This Row],[daily_screen_time_hours]]<8,"4-8 hrs", stdsurvey[[#This Row],[daily_screen_time_hours]]<12,"8-12 hrs", stdsurvey[[#This Row],[daily_screen_time_hours]]<=16,"12-16 hrs", TRUE,">16 hrs" )} -> 4-8 hrs | X39: {=_xlfn.IFS(stdsurvey[[#This Row],[daily_sleep_hours]]<4,"< 4 hrs",stdsurvey[[#This Row],[daily_sleep_hours]]<=6,"4-6 hrs",stdsurvey[[#This Row],[daily_sleep_hours]]<=8,"6-8 hrs",TRUE,"> 8 hrs")} -> 4-6 hrs | Y39: Female
A40: STU1036 | B40: 24 | C40: female | D40: 1 | E40: STEM | F40: 7.5 | G40: 2.1 | H40: 2 | I40: 6 | J40: 7 | K40: {=_xlfn.IFS(stdsurvey[[#This Row],[phq9_score]]="","Answer Not Provided",stdsurvey[[#This Row],[phq9_score]]<=4,"Minimal",stdsurvey[[#This Row],[phq9_score]]<=9,"Mild",stdsurvey[[#This Row],[phq9_score]]<=14,"Moderate",stdsurvey[[#This Row],[phq9_score]]<=19,"Moderately Severe",stdsurvey[[#This Row],[phq9_score]]<=27,"Severe")} -> Mild | L40: 16 | M40: {=_xlfn.IFS(stdsurvey[[#This Row],[gad7_score]]="","Answer Not Provided",stdsurvey[[#This Row],[gad7_score]]<=4,"Minimal",stdsurvey[[#This Row],[gad7_score]]<=9,"Mild",stdsurvey[[#This Row],[gad7_score]]<=14,"Moderate",stdsurvey[[#This Row],[gad7_score]]<=21,"Severe")} -> Mild | N40: 16.7 | O40: {=_xlfn.IFS(stdsurvey[[#This Row],[perceived_stress_scale]]="","Answer Not Provided",stdsurvey[[#This Row],[perceived_stress_scale]]<=13,"Low Stress",stdsurvey[[#This Row],[perceived_stress_scale]]<=26,"Moderate Stress",stdsurvey[[#This Row],[perceived_stress_scale]]<=40,"High Stress")} -> Moderate Stress | P40: 80.9 | Q40: 4 | R40: {=_xlfn.IFS(stdsurvey[[#This Row],[class_attendance_percent]]<60,"Less than 0%",stdsurvey[[#This Row],[class_attendance_percent]]<70,"60-70 %",stdsurvey[[#This Row],[class_attendance_percent]]<80, "70-80%",stdsurvey[[#This Row],[class_attendance_percent]]<90,"80-90%",TRUE,"More than 90%")} -> 80-90% | S40: No | T40: 1 | U40: Summer | V40: 2.97 | W40: {=_xlfn.IFS( stdsurvey[[#This Row],[daily_screen_time_hours]]<1,"<1 hr", stdsurvey[[#This Row],[daily_screen_time_hours]]<4,"1-4 hrs", stdsurvey[[#This Row],[daily_screen_time_hours]]<8,"4-8 hrs", stdsurvey[[#This Row],[daily_screen_time_hours]]<12,"8-12 hrs", stdsurvey[[#This Row],[daily_screen_time_hours]]<=16,"12-16 hrs", TRUE,">16 hrs" )} -> 1-4 hrs | X40: {=_xlfn.IFS(stdsurvey[[#This Row],[daily_sleep_hours]]<4,"< 4 hrs",stdsurvey[[#This Row],[daily_sleep_hours]]<=6,"4-6 hrs",stdsurvey[[#This Row],[daily_sleep_hours]]<=8,"6-8 hrs",TRUE,"> 8 hrs")} -> 6-8 hrs | Y40: Female
A41: STU1037 | B41: 21 | C41: Female | D41: 4 | E41: Humanities | F41: 5.7 | G41: 10.1 | H41: 4 | I41: 6 | J41: 6 | K41: {=_xlfn.IFS(stdsurvey[[#This Row],[phq9_score]]="","Answer Not Provided",stdsurvey[[#This Row],[phq9_score]]<=4,"Minimal",stdsurvey[[#This Row],[phq9_score]]<=9,"Mild",stdsurvey[[#This Row],[phq9_score]]<=14,"Moderate",stdsurvey[[#This Row],[phq9_score]]<=19,"Moderately Severe",stdsurvey[[#This Row],[phq9_score]]<=27,"Severe")} -> Mild | L41: 13 | M41: {=_xlfn.IFS(stdsurvey[[#This Row],[gad7_score]]="","Answer Not Provided",stdsurvey[[#This Row],[gad7_score]]<=4,"Minimal",stdsurvey[[#This Row],[gad7_score]]<=9,"Mild",stdsurvey[[#This Row],[gad7_score]]<=14,"Moderate",stdsurvey[[#This Row],[gad7_score]]<=21,"Severe")} -> Mild | N41: 18.8 | O41: {=_xlfn.IFS(stdsurvey[[#This Row],[perceived_stress_scale]]="","Answer Not Provided",stdsurvey[[#This Row],[perceived_stress_scale]]<=13,"Low Stress",stdsurvey[[#This Row],[perceived_stress_scale]]<=26,"Moderate Stress",stdsurvey[[#This Row],[perceived_stress_scale]]<=40,"High Stress")} -> Low Stress | P41: 89.4 | Q41: 1 | R41: {=_xlfn.IFS(stdsurvey[[#This Row],[class_attendance_percent]]<60,"Less than 0%",stdsurvey[[#This Row],[class_attendance_percent]]<70,"60-70 %",stdsurvey[[#This Row],[class_attendance_percent]]<80, "70-80%",stdsurvey[[#This Row],[class_attendance_percent]]<90,"80-90%",TRUE,"More than 90%")} -> 80-90% | S41: Yes | T41: 4 | U41: Summer | V41: 2.57 | W41: {=_xlfn.IFS( stdsurvey[[#This Row],[daily_screen_time_hours]]<1,"<1 hr", stdsurvey[[#This Row],[daily_screen_time_hours]]<4,"1-4 hrs", stdsurvey[[#This Row],[daily_screen_time_hours]]<8,"4-8 hrs", stdsurvey[[#This Row],[daily_screen_time_hours]]<12,"8-12 hrs", stdsurvey[[#This Row],[daily_screen_time_hours]]<=16,"12-16 hrs", TRUE,">16 hrs" )} -> 8-12 hrs | X41: {=_xlfn.IFS(stdsurvey[[#This Row],[daily_sleep_hours]]<4,"< 4 hrs",stdsurvey[[#This Row],[daily_sleep_hours]]<=6,"4-6 hrs",stdsurvey[[#This Row],[daily_sleep_hours]]<=8,"6-8 hrs",TRUE,"> 8 hrs")} -> 4-6 hrs | Y41: Female
A42: STU1038 | B42: 20 | C42: M | D42: 4 | E42: Law | F42: 6.6 | G42: 11.2 | H42: 4 | I42: 6 | J42: 5 | K42: {=_xlfn.IFS(stdsurvey[[#This Row],[phq9_score]]="","Answer Not Provided",stdsurvey[[#This Row],[phq9_score]]<=4,"Minimal",stdsurvey[[#This Row],[phq9_score]]<=9,"Mild",stdsurvey[[#This Row],[phq9_score]]<=14,"Moderate",stdsurvey[[#This Row],[phq9_score]]<=19,"Moderately Severe",stdsurvey[[#This Row],[phq9_score]]<=27,"Severe")} -> Mild | L42: 12 | M42: {=_xlfn.IFS(stdsurvey[[#This Row],[gad7_score]]="","Answer Not Provided",stdsurvey[[#This Row],[gad7_score]]<=4,"Minimal",stdsurvey[[#This Row],[gad7_score]]<=9,"Mild",stdsurvey[[#This Row],[gad7_score]]<=14,"Moderate",stdsurvey[[#This Row],[gad7_score]]<=21,"Severe")} -> Mild | N42: 24.3 | O42: {=_xlfn.IFS(stdsurvey[[#This Row],[perceived_stress_scale]]="","Answer Not Provided",stdsurvey[[#This Row],[perceived_stress_scale]]<=13,"Low Stress",stdsurvey[[#This Row],[perceived_stress_scale]]<=26,"Moderate Stress",stdsurvey[[#This Row],[perceived_stress_scale]]<=40,"High Stress")} -> Low Stress | P42: 74.1 | Q42: 4 | R42: {=_xlfn.IFS(stdsurvey[[#This Row],[class_attendance_percent]]<60,"Less than 0%",stdsurvey[[#This Row],[class_attendance_percent]]<70,"60-70 %",stdsurvey[[#This Row],[class_attendance_percent]]<80, "70-80%",stdsurvey[[#This Row],[class_attendance_percent]]<90,"80-90%",TRUE,"More than 90%")} -> 70-80% | S42: No | T42: 5 | U42: Spring | V42: 3.11 | W42: {=_xlfn.IFS( stdsurvey[[#This Row],[daily_screen_time_hours]]<1,"<1 hr", stdsurvey[[#This Row],[daily_screen_time_hours]]<4,"1-4 hrs", stdsurvey[[#This Row],[daily_screen_time_hours]]<8,"4-8 hrs", stdsurvey[[#This Row],[daily_screen_time_hours]]<12,"8-12 hrs", stdsurvey[[#This Row],[daily_screen_time_hours]]<=16,"12-16 hrs", TRUE,">16 hrs" )} -> 8-12 hrs | X42: {=_xlfn.IFS(stdsurvey[[#This Row],[daily_sleep_hours]]<4,"< 4 hrs",stdsurvey[[#This Row],[daily_sleep_hours]]<=6,"4-6 hrs",stdsurvey[[#This Row],[daily_sleep_hours]]<=8,"6-8 hrs",TRUE,"> 8 hrs")} -> 6-8 hrs | Y42: Male
A43: STU1039 | B43: 20 | C43: Female | D43: 1 | E43: STEM | F43: 6.3 | G43: 5.2 | H43: 3 | I43: 8 | J43: 7 | K43: {=_xlfn.IFS(stdsurvey[[#This Row],[phq9_score]]="","Answer Not Provided",stdsurvey[[#This Row],[phq9_score]]<=4,"Minimal",stdsurvey[[#This Row],[phq9_score]]<=9,"Mild",stdsurvey[[#This Row],[phq9_score]]<=14,"Moderate",stdsurvey[[#This Row],[phq9_score]]<=19,"Moderately Severe",stdsurvey[[#This Row],[phq9_score]]<=27,"Severe")} -> Mild | L43: 12 | M43: {=_xlfn.IFS(stdsurvey[[#This Row],[gad7_score]]="","Answer Not Provided",stdsurvey[[#This Row],[gad7_score]]<=4,"Minimal",stdsurvey[[#This Row],[gad7_score]]<=9,"Mild",stdsurvey[[#This Row],[gad7_score]]<=14,"Moderate",stdsurvey[[#This Row],[gad7_score]]<=21,"Severe")} -> Mild | N43: 15.6 | O43: {=_xlfn.IFS(stdsurvey[[#This Row],[perceived_stress_scale]]="","Answer Not Provided",stdsurvey[[#This Row],[perceived_stress_scale]]<=13,"Low Stress",stdsurvey[[#This Row],[perceived_stress_scale]]<=26,"Moderate Stress",stdsurvey[[#This Row],[perceived_stress_scale]]<=40,"High Stress")} -> Low Stress | P43: 66.7 | Q43: 2 | R43: {=_xlfn.IFS(stdsurvey[[#This Row],[class_attendance_percent]]<60,"Less than 0%",stdsurvey[[#This Row],[class_attendance_percent]]<70,"60-70 %",stdsurvey[[#This Row],[class_attendance_percent]]<80, "70-80%",stdsurvey[[#This Row],[class_attendance_percent]]<90,"80-90%",TRUE,"More than 90%")} -> 60-70 % | S43: No | T43: 1 | U43: Fall | V43: 3.16 | W43: {=_xlfn.IFS( stdsurvey[[#This Row],[daily_screen_time_hours]]<1,"<1 hr", stdsurvey[[#This Row],[daily_screen_time_hours]]<4,"1-4 hrs", stdsurvey[[#This Row],[daily_screen_time_hours]]<8,"4-8 hrs", stdsurvey[[#This Row],[daily_screen_time_hours]]<12,"8-12 hrs", stdsurvey[[#This Row],[daily_screen_time_hours]]<=16,"12-16 hrs", TRUE,">16 hrs" )} -> 4-8 hrs | X43: {=_xlfn.IFS(stdsurvey[[#This Row],[daily_sleep_hours]]<4,"< 4 hrs",stdsurvey[[#This Row],[daily_sleep_hours]]<=6,"4-6 hrs",stdsurvey[[#This Row],[daily_sleep_hours]]<=8,"6-8 hrs",TRUE,"> 8 hrs")} -> 6-8 hrs | Y43: Female
A44: STU1040 | B44: 23 | C44: Female | D44: 1 | E44: STEM | F44: 8 | G44: 1.9 | H44: 2 | I44: 4 | J44: 6 | K44: {=_xlfn.IFS(stdsurvey[[#This Row],[phq9_score]]="","Answer Not Provided",stdsurvey[[#This Row],[phq9_score]]<=4,"Minimal",stdsurvey[[#This Row],[phq9_score]]<=9,"Mild",stdsurvey[[#This Row],[phq9_score]]<=14,"Moderate",stdsurvey[[#This Row],[phq9_score]]<=19,"Moderately Severe",stdsurvey[[#This Row],[phq9_score]]<=27,"Severe")} -> Minimal | L44: 12 | M44: {=_xlfn.IFS(stdsurvey[[#This Row],[gad7_score]]="","Answer Not Provided",stdsurvey[[#This Row],[gad7_score]]<=4,"Minimal",stdsurvey[[#This Row],[gad7_score]]<=9,"Mild",stdsurvey[[#This Row],[gad7_score]]<=14,"Moderate",stdsurvey[[#This Row],[gad7_score]]<=21,"Severe")} -> Mild | N44: 25.9 | O44: {=_xlfn.IFS(stdsurvey[[#This Row],[perceived_stress_scale]]="","Answer Not Provided",stdsurvey[[#This Row],[perceived_stress_scale]]<=13,"Low Stress",stdsurvey[[#This Row],[perceived_stress_scale]]<=26,"Moderate Stress",stdsurvey[[#This Row],[perceived_stress_scale]]<=40,"High Stress")} -> Low Stress | P44: 83.4 | R44: {=_xlfn.IFS(stdsurvey[[#This Row],[class_attendance_percent]]<60,"Less than 0%",stdsurvey[[#This Row],[class_attendance_percent]]<70,"60-70 %",stdsurvey[[#This Row],[class_attendance_percent]]<80, "70-80%",stdsurvey[[#This Row],[class_attendance_percent]]<90,"80-90%",TRUE,"More than 90%")} -> 80-90% | S44: Yes | T44: 2 | U44: Fall | V44: 2.73 | W44: {=_xlfn.IFS( stdsurvey[[#This Row],[daily_screen_time_hours]]<1,"<1 hr", stdsurvey[[#This Row],[daily_screen_time_hours]]<4,"1-4 hrs", stdsurvey[[#This Row],[daily_screen_time_hours]]<8,"4-8 hrs", stdsurvey[[#This Row],[daily_screen_time_hours]]<12,"8-12 hrs", stdsurvey[[#This Row],[daily_screen_time_hours]]<=16,"12-16 hrs", TRUE,">16 hrs" )} -> 1-4 hrs | X44: {=_xlfn.IFS(stdsurvey[[#This Row],[daily_sleep_hours]]<4,"< 4 hrs",stdsurvey[[#This Row],[daily_sleep_hours]]<=6,"4-6 hrs",stdsurvey[[#This Row],[daily_sleep_hours]]<=8,"6-8 hrs",TRUE,"> 8 hrs")} -> 6-8 hrs | Y44: Female
A45: STU1041 | B45: 23 | C45: Female | D45: 2 | E45: Humanities | F45: 6.4 | G45: 4.8 | H45: 4 | I45: 9 | J45: 7 | K45: {=_xlfn.IFS(stdsurvey[[#This Row],[phq9_score]]="","Answer Not Provided",stdsurvey[[#This Row],[phq9_score]]<=4,"Minimal",stdsurvey[[#This Row],[phq9_score]]<=9,"Mild",stdsurvey[[#This Row],[phq9_score]]<=14,"Moderate",stdsurvey[[#This Row],[phq9_score]]<=19,"Moderately Severe",stdsurvey[[#This Row],[phq9_score]]<=27,"Severe")} -> Mild | L45: 14 | M45: {=_xlfn.IFS(stdsurvey[[#This Row],[gad7_score]]="","Answer Not Provided",stdsurvey[[#This Row],[gad7_score]]<=4,"Minimal",stdsurvey[[#This Row],[gad7_score]]<=9,"Mild",stdsurvey[[#This Row],[gad7_score]]<=14,"Moderate",stdsurvey[[#This Row],[gad7_score]]<=21,"Severe")} -> Mild | N45: 29 | O45: {=_xlfn.IFS(stdsurvey[[#This Row],[perceived_stress_scale]]="","Answer Not Provided",stdsurvey[[#This Row],[perceived_stress_scale]]<=13,"Low Stress",stdsurvey[[#This Row],[perceived_stress_scale]]<=26,"Moderate Stress",stdsurvey[[#This Row],[perceived_stress_scale]]<=40,"High Stress")} -> Moderate Stress | P45: 88.2 | Q45: 3 | R45: {=_xlfn.IFS(stdsurvey[[#This Row],[class_attendance_percent]]<60,"Less than 0%",stdsurvey[[#This Row],[class_attendance_percent]]<70,"60-70 %",stdsurvey[[#This Row],[class_attendance_percent]]<80, "70-80%",stdsurvey[[#This Row],[class_attendance_percent]]<90,"80-90%",TRUE,"More than 90%")} -> 80-90% | S45: Yes | T45: 2 | U45: Summer | V45: 3.1 | W45: {=_xlfn.IFS( stdsurvey[[#This Row],[daily_screen_time_hours]]<1,"<1 hr", stdsurvey[[#This Row],[daily_screen_time_hours]]<4,"1-4 hrs", stdsurvey[[#This Row],[daily_screen_time_hours]]<8,"4-8 hrs", stdsurvey[[#This Row],[daily_screen_time_hours]]<12,"8-12 hrs", stdsurvey[[#This Row],[daily_screen_time_hours]]<=16,"12-16 hrs", TRUE,">16 hrs" )} -> 4-8 hrs | X45: {=_xlfn.IFS(stdsurvey[[#This Row],[daily_sleep_hours]]<4,"< 4 hrs",stdsurvey[[#This Row],[daily_sleep_hours]]<=6,"4-6 hrs",stdsurvey[[#This Row],[daily_sleep_hours]]<=8,"6-8 hrs",TRUE,"> 8 hrs")} -> 6-8 hrs | Y45: Female
A46: STU1042 | B46: 23 | C46: Male | D46: 4 | E46: Health Sciences | F46: 7.7 | G46: 2.3 | H46: 4 | I46: 5 | J46: 5 | K46: {=_xlfn.IFS(stdsurvey[[#This Row],[phq9_score]]="","Answer Not Provided",stdsurvey[[#This Row],[phq9_score]]<=4,"Minimal",stdsurvey[[#This Row],[phq9_score]]<=9,"Mild",stdsurvey[[#This Row],[phq9_score]]<=14,"Moderate",stdsurvey[[#This Row],[phq9_score]]<=19,"Moderately Severe",stdsurvey[[#This Row],[phq9_score]]<=27,"Severe")} -> Mild | L46: 9 | M46: {=_xlfn.IFS(stdsurvey[[#This Row],[gad7_score]]="","Answer Not Provided",stdsurvey[[#This Row],[gad7_score]]<=4,"Minimal",stdsurvey[[#This Row],[gad7_score]]<=9,"Mild",stdsurvey[[#This Row],[gad7_score]]<=14,"Moderate",stdsurvey[[#This Row],[gad7_score]]<=21,"Severe")} -> Mild | N46: 22.8 | O46: {=_xlfn.IFS(stdsurvey[[#This Row],[perceived_stress_scale]]="","Answer Not Provided",stdsurvey[[#This Row],[perceived_stress_scale]]<=13,"Low Stress",stdsurvey[[#This Row],[perceived_stress_scale]]<=26,"Moderate Stress",stdsurvey[[#This Row],[perceived_stress_scale]]<=40,"High Stress")} -> Low Stress | P46: 45.7 | Q46: 4 | R46: {=_xlfn.IFS(stdsurvey[[#This Row],[class_attendance_percent]]<60,"Less than 0%",stdsurvey[[#This Row],[class_attendance_percent]]<70,"60-70 %",stdsurvey[[#This Row],[class_attendance_percent]]<80, "70-80%",stdsurvey[[#This Row],[class_attendance_percent]]<90,"80-90%",TRUE,"More than 90%")} -> Less than 0% | S46: No | T46: 3 | U46: Fall | V46: 2.8 | W46: {=_xlfn.IFS( stdsurvey[[#This Row],[daily_screen_time_hours]]<1,"<1 hr", stdsurvey[[#This Row],[daily_screen_time_hours]]<4,"1-4 hrs", stdsurvey[[#This Row],[daily_screen_time_hours]]<8,"4-8 hrs", stdsurvey[[#This Row],[daily_screen_time_hours]]<12,"8-12 hrs", stdsurvey[[#This Row],[daily_screen_time_hours]]<=16,"12-16 hrs", TRUE,">16 hrs" )} -> 1-4 hrs | X46: {=_xlfn.IFS(stdsurvey[[#This Row],[daily_sleep_hours]]<4,"< 4 hrs",stdsurvey[[#This Row],[daily_sleep_hours]]<=6,"4-6 hrs",stdsurvey[[#This Row],[daily_sleep_hours]]<=8,"6-8 hrs",TRUE,"> 8 hrs")} -> 6-8 hrs | Y46: Male
A47: STU1043 | B47: 20 | C47: Female | D47: 4 | E47: STEM | F47: 7.7 | G47: 2.8 | H47: 4 | I47: 3 | J47: 4 | K47: {=_xlfn.IFS(stdsurvey[[#This Row],[phq9_score]]="","Answer Not Provided",stdsurvey[[#This Row],[phq9_score]]<=4,"Minimal",stdsurvey[[#This Row],[phq9_score]]<=9,"Mild",stdsurvey[[#This Row],[phq9_score]]<=14,"Moderate",stdsurvey[[#This Row],[phq9_score]]<=19,"Moderately Severe",stdsurvey[[#This Row],[phq9_score]]<=27,"Severe")} -> Minimal | L47: 11 | M47: {=_xlfn.IFS(stdsurvey[[#This Row],[gad7_score]]="","Answer Not Provided",stdsurvey[[#This Row],[gad7_score]]<=4,"Minimal",stdsurvey[[#This Row],[gad7_score]]<=9,"Mild",stdsurvey[[#This Row],[gad7_score]]<=14,"Moderate",stdsurvey[[#This Row],[gad7_score]]<=21,"Severe")} -> Minimal | N47: 23.6 | O47: {=_xlfn.IFS(stdsurvey[[#This Row],[perceived_stress_scale]]="","Answer Not Provided",stdsurvey[[#This Row],[perceived_stress_scale]]<=13,"Low Stress",stdsurvey[[#This Row],[perceived_stress_scale]]<=26,"Moderate Stress",stdsurvey[[#This Row],[perceived_stress_scale]]<=40,"High Stress")} -> Low Stress | P47: 100 | Q47: 1 | R47: {=_xlfn.IFS(stdsurvey[[#This Row],[class_attendance_percent]]<60,"Less than 0%",stdsurvey[[#This Row],[class_attendance_percent]]<70,"60-70 %",stdsurvey[[#This Row],[class_attendance_percent]]<80, "70-80%",stdsurvey[[#This Row],[class_attendance_percent]]<90,"80-90%",TRUE,"More than 90%")} -> More than 90% | S47: No | T47: 5 | U47: Spring | V47: 3.8 | W47: {=_xlfn.IFS( stdsurvey[[#This Row],[daily_screen_time_hours]]<1,"<1 hr", stdsurvey[[#This Row],[daily_screen_time_hours]]<4,"1-4 hrs", stdsurvey[[#This Row],[daily_screen_time_hours]]<8,"4-8 hrs", stdsurvey[[#This Row],[daily_screen_time_hours]]<12,"8-12 hrs", stdsurvey[[#This Row],[daily_screen_time_hours]]<=16,"12-16 hrs", TRUE,">16 hrs" )} -> 1-4 hrs | X47: {=_xlfn.IFS(stdsurvey[[#This Row],[daily_sleep_hours]]<4,"< 4 hrs",stdsurvey[[#This Row],[daily_sleep_hours]]<=6,"4-6 hrs",stdsurvey[[#This Row],[daily_sleep_hours]]<=8,"6-8 hrs",TRUE,"> 8 hrs")} -> 6-8 hrs | Y47: Female
A48: STU1044 | B48: 22 | C48: female | D48: 1 | E48: Business | F48: 5.8 | G48: 2.1 | H48: 7 | I48: 0 | J48: 4 | K48: {=_xlfn.IFS(stdsurvey[[#This Row],[phq9_score]]="","Answer Not Provided",stdsurvey[[#This Row],[phq9_score]]<=4,"Minimal",stdsurvey[[#This Row],[phq9_score]]<=9,"Mild",stdsurvey[[#This Row],[phq9_score]]<=14,"Moderate",stdsurvey[[#This Row],[phq9_score]]<=19,"Moderately Severe",stdsurvey[[#This Row],[phq9_score]]<=27,"Severe")} -> Minimal | L48: 6 | M48: {=_xlfn.IFS(stdsurvey[[#This Row],[gad7_score]]="","Answer Not Provided",stdsurvey[[#This Row],[gad7_score]]<=4,"Minimal",stdsurvey[[#This Row],[gad7_score]]<=9,"Mild",stdsurvey[[#This Row],[gad7_score]]<=14,"Moderate",stdsurvey[[#This Row],[gad7_score]]<=21,"Severe")} -> Minimal | N48: 19.6 | O48: {=_xlfn.IFS(stdsurvey[[#This Row],[perceived_stress_scale]]="","Answer Not Provided",stdsurvey[[#This Row],[perceived_stress_scale]]<=13,"Low Stress",stdsurvey[[#This Row],[perceived_stress_scale]]<=26,"Moderate Stress",stdsurvey[[#This Row],[perceived_stress_scale]]<=40,"High Stress")} -> Low Stress | P48: 90.9 | Q48: 3 | R48: {=_xlfn.IFS(stdsurvey[[#This Row],[class_attendance_percent]]<60,"Less than 0%",stdsurvey[[#This Row],[class_attendance_percent]]<70,"60-70 %",stdsurvey[[#This Row],[class_attendance_percent]]<80, "70-80%",stdsurvey[[#This Row],[class_attendance_percent]]<90,"80-90%",TRUE,"More than 90%")} -> More than 90% | S48: No | T48: 3 | U48: Fall | V48: 3.2 | W48: {=_xlfn.IFS( stdsurvey[[#This Row],[daily_screen_time_hours]]<1,"<1 hr", stdsurvey[[#This Row],[daily_screen_time_hours]]<4,"1-4 hrs", stdsurvey[[#This Row],[daily_screen_time_hours]]<8,"4-8 hrs", stdsurvey[[#This Row],[daily_screen_time_hours]]<12,"8-12 hrs", stdsurvey[[#This Row],[daily_screen_time_hours]]<=16,"12-16 hrs", TRUE,">16 hrs" )} -> 1-4 hrs | X48: {=_xlfn.IFS(stdsurvey[[#This Row],[daily_sleep_hours]]<4,"< 4 hrs",stdsurvey[[#This Row],[daily_sleep_hours]]<=6,"4-6 hrs",stdsurvey[[#This Row],[daily_sleep_hours]]<=8,"6-8 hrs",TRUE,"> 8 hrs")} -> 4-6 hrs | Y48: Female
A49: STU1045 | B49: 22 | C49: Female | D49: 4 | E49: Social Sciences | F49: 4 | G49: 5.8 | H49: 3 | I49: 4 | J49: 4 | K49: {=_xlfn.IFS(stdsurvey[[#This Row],[phq9_score]]="","Answer Not Provided",stdsurvey[[#This Row],[phq9_score]]<=4,"Minimal",stdsurvey[[#This Row],[phq9_score]]<=9,"Mild",stdsurvey[[#This Row],[phq9_score]]<=14,"Moderate",stdsurvey[[#This Row],[phq9_score]]<=19,"Moderately Severe",stdsurvey[[#This Row],[phq9_score]]<=27,"Severe")} -> Minimal | L49: 7 | M49: {=_xlfn.IFS(stdsurvey[[#This Row],[gad7_score]]="","Answer Not Provided",stdsurvey[[#This Row],[gad7_score]]<=4,"Minimal",stdsurvey[[#This Row],[gad7_score]]<=9,"Mild",stdsurvey[[#This Row],[gad7_score]]<=14,"Moderate",stdsurvey[[#This Row],[gad7_score]]<=21,"Severe")} -> Minimal | N49: 6.9 | O49: {=_xlfn.IFS(stdsurvey[[#This Row],[perceived_stress_scale]]="","Answer Not Provided",stdsurvey[[#This Row],[perceived_stress_scale]]<=13,"Low Stress",stdsurvey[[#This Row],[perceived_stress_scale]]<=26,"Moderate Stress",stdsurvey[[#This Row],[perceived_stress_scale]]<=40,"High Stress")} -> Low Stress | P49: 82 | Q49: 2 | R49: {=_xlfn.IFS(stdsurvey[[#This Row],[class_attendance_percent]]<60,"Less than 0%",stdsurvey[[#This Row],[class_attendance_percent]]<70,"60-70 %",stdsurvey[[#This Row],[class_attendance_percent]]<80, "70-80%",stdsurvey[[#This Row],[class_attendance_percent]]<90,"80-90%",TRUE,"More than 90%")} -> 80-90% | S49: Yes | T49: 3 | U49: Fall | V49: 2.33 | W49: {=_xlfn.IFS( stdsurvey[[#This Row],[daily_screen_time_hours]]<1,"<1 hr", stdsurvey[[#This Row],[daily_screen_time_hours]]<4,"1-4 hrs", stdsurvey[[#This Row],[daily_screen_time_hours]]<8,"4-8 hrs", stdsurvey[[#This Row],[daily_screen_time_hours]]<12,"8-12 hrs", stdsurvey[[#This Row],[daily_screen_time_hours]]<=16,"12-16 hrs", TRUE,">16 hrs" )} -> 4-8 hrs | X49: {=_xlfn.IFS(stdsurvey[[#This Row],[daily_sleep_hours]]<4,"< 4 hrs",stdsurvey[[#This Row],[daily_sleep_hours]]<=6,"4-6 hrs",stdsurvey[[#This Row],[daily_sleep_hours]]<=8,"6-8 hrs",TRUE,"> 8 hrs")} -> 4-6 hrs | Y49: Female
A50: STU1046 | B50: 22 | C50: Male | D50: 1 | E50: Business | F50: 8.3 | G50: 2.6 | H50: 4 | I50: 4 | J50: 8 | K50: {=_xlfn.IFS(stdsurvey[[#This Row],[phq9_score]]="","Answer Not Provided",stdsurvey[[#This Row],[phq9_score]]<=4,"Minimal",stdsurvey[[#This Row],[phq9_score]]<=9,"Mild",stdsurvey[[#This Row],[phq9_score]]<=14,"Moderate",stdsurvey[[#This Row],[phq9_score]]<=19,"Moderately Severe",stdsurvey[[#This Row],[phq9_score]]<=27,"Severe")} -> Minimal | L50: 13 | M50: {=_xlfn.IFS(stdsurvey[[#This Row],[gad7_score]]="","Answer Not Provided",stdsurvey[[#This Row],[gad7_score]]<=4,"Minimal",stdsurvey[[#This Row],[gad7_score]]<=9,"Mild",stdsurvey[[#This Row],[gad7_score]]<=14,"Moderate",stdsurvey[[#This Row],[gad7_score]]<=21,"Severe")} -> Mild | N50: 19.8 | O50: {=_xlfn.IFS(stdsurvey[[#This Row],[perceived_stress_scale]]="","Answer Not Provided",stdsurvey[[#This Row],[perceived_stress_scale]]<=13,"Low Stress",stdsurvey[[#This Row],[perceived_stress_scale]]<=26,"Moderate Stress",stdsurvey[[#This Row],[perceived_stress_scale]]<=40,"High Stress")} -> Low Stress | P50: 75.6 | Q50: 4 | R50: {=_xlfn.IFS(stdsurvey[[#This Row],[class_attendance_percent]]<60,"Less than 0%",stdsurvey[[#This Row],[class_attendance_percent]]<70,"60-70 %",stdsurvey[[#This Row],[class_attendance_percent]]<80, "70-80%",stdsurvey[[#This Row],[class_attendance_percent]]<90,"80-90%",TRUE,"More than 90%")} -> 70-80% | S50: No | T50: 4 | U50: Spring | V50: 3 | W50: {=_xlfn.IFS( stdsurvey[[#This Row],[daily_screen_time_hours]]<1,"<1 hr", stdsurvey[[#This Row],[daily_screen_time_hours]]<4,"1-4 hrs", stdsurvey[[#This Row],[daily_screen_time_hours]]<8,"4-8 hrs", stdsurvey[[#This Row],[daily_screen_time_hours]]<12,"8-12 hrs", stdsurvey[[#This Row],[daily_screen_time_hours]]<=16,"12-16 hrs", TRUE,">16 hrs" )} -> 1-4 hrs | X50: {=_xlfn.IFS(stdsurvey[[#This Row],[daily_sleep_hours]]<4,"< 4 hrs",stdsurvey[[#This Row],[daily_sleep_hours]]<=6,"4-6 hrs",stdsurvey[[#This Row],[daily_sleep_hours]]<=8,"6-8 hrs",TRUE,"> 8 hrs")} -> > 8 hrs | Y50: Male
A51: STU1047 | B51: 23 | C51: Female | D51: 2 | E51: STEM | F51: 7.5 | G51: 1.3 | H51: 5 | I51: 1 | J51: 2 | K51: {=_xlfn.IFS(stdsurvey[[#This Row],[phq9_score]]="","Answer Not Provided",stdsurvey[[#This Row],[phq9_score]]<=4,"Minimal",stdsurvey[[#This Row],[phq9_score]]<=9,"Mild",stdsurvey[[#This Row],[phq9_score]]<=14,"Moderate",stdsurvey[[#This Row],[phq9_score]]<=19,"Moderately Severe",stdsurvey[[#This Row],[phq9_score]]<=27,"Severe")} -> Minimal | L51: 6 | M51: {=_xlfn.IFS(stdsurvey[[#This Row],[gad7_score]]="","Answer Not Provided",stdsurvey[[#This Row],[gad7_score]]<=4,"Minimal",stdsurvey[[#This Row],[gad7_score]]<=9,"Mild",stdsurvey[[#This Row],[gad7_score]]<=14,"Moderate",stdsurvey[[#This Row],[gad7_score]]<=21,"Severe")} -> Minimal | N51: 16.1 | O51: {=_xlfn.IFS(stdsurvey[[#This Row],[perceived_stress_scale]]="","Answer Not Provided",stdsurvey[[#This Row],[perceived_stress_scale]]<=13,"Low Stress",stdsurvey[[#This Row],[perceived_stress_scale]]<=26,"Moderate Stress",stdsurvey[[#This Row],[perceived_stress_scale]]<=40,"High Stress")} -> Low Stress | P51: 53.2 | Q51: 2 | R51: {=_xlfn.IFS(stdsurvey[[#This Row],[class_attendance_percent]]<60,"Less than 0%",stdsurvey[[#This Row],[class_attendance_percent]]<70,"60-70 %",stdsurvey[[#This Row],[class_attendance_percent]]<80, "70-80%",stdsurvey[[#This Row],[class_attendance_percent]]<90,"80-90%",TRUE,"More than 90%")} -> Less than 0% | S51: Yes | T51: 4 | U51: Summer | V51: 3.28 | W51: {=_xlfn.IFS( stdsurvey[[#This Row],[daily_screen_time_hours]]<1,"<1 hr", stdsurvey[[#This Row],[daily_screen_time_hours]]<4,"1-4 hrs", stdsurvey[[#This Row],[daily_screen_time_hours]]<8,"4-8 hrs", stdsurvey[[#This Row],[daily_screen_time_hours]]<12,"8-12 hrs", stdsurvey[[#This Row],[daily_screen_time_hours]]<=16,"12-16 hrs", TRUE,">16 hrs" )} -> 1-4 hrs | X51: {=_xlfn.IFS(stdsurvey[[#This Row],[daily_sleep_hours]]<4,"< 4 hrs",stdsurvey[[#This Row],[daily_sleep_hours]]<=6,"4-6 hrs",stdsurvey[[#This Row],[daily_sleep_hours]]<=8,"6-8 hrs",TRUE,"> 8 hrs")} -> 6-8 hrs | Y51: Female
A52: STU1048 | B52: 22 | C52: Male | D52: 5 | E52: STEM | F52: 3.9 | G52: 4.7 | H52: 1 | I52: 3 | J52: 3 | K52: {=_xlfn.IFS(stdsurvey[[#This Row],[phq9_score]]="","Answer Not Provided",stdsurvey[[#This Row],[phq9_score]]<=4,"Minimal",stdsurvey[[#This Row],[phq9_score]]<=9,"Mild",stdsurvey[[#This Row],[phq9_score]]<=14,"Moderate",stdsurvey[[#This Row],[phq9_score]]<=19,"Moderately Severe",stdsurvey[[#This Row],[phq9_score]]<=27,"Severe")} -> Minimal | L52: 10 | M52: {=_xlfn.IFS(stdsurvey[[#This Row],[gad7_score]]="","Answer Not Provided",stdsurvey[[#This Row],[gad7_score]]<=4,"Minimal",stdsurvey[[#This Row],[gad7_score]]<=9,"Mild",stdsurvey[[#This Row],[gad7_score]]<=14,"Moderate",stdsurvey[[#This Row],[gad7_score]]<=21,"Severe")} -> Minimal | N52: 14 | O52: {=_xlfn.IFS(stdsurvey[[#This Row],[perceived_stress_scale]]="","Answer Not Provided",stdsurvey[[#This Row],[perceived_stress_scale]]<=13,"Low Stress",stdsurvey[[#This Row],[perceived_stress_scale]]<=26,"Moderate Stress",stdsurvey[[#This Row],[perceived_stress_scale]]<=40,"High Stress")} -> Low Stress | P52: 91.8 | Q52: 1 | R52: {=_xlfn.IFS(stdsurvey[[#This Row],[class_attendance_percent]]<60,"Less than 0%",stdsurvey[[#This Row],[class_attendance_percent]]<70,"60-70 %",stdsurvey[[#This Row],[class_attendance_percent]]<80, "70-80%",stdsurvey[[#This Row],[class_attendance_percent]]<90,"80-90%",TRUE,"More than 90%")} -> More than 90% | S52: Yes | T52: 2 | U52: Spring | V52: 3.08 | W52: {=_xlfn.IFS( stdsurvey[[#This Row],[daily_screen_time_hours]]<1,"<1 hr", stdsurvey[[#This Row],[daily_screen_time_hours]]<4,"1-4 hrs", stdsurvey[[#This Row],[daily_screen_time_hours]]<8,"4-8 hrs", stdsurvey[[#This Row],[daily_screen_time_hours]]<12,"8-12 hrs", stdsurvey[[#This Row],[daily_screen_time_hours]]<=16,"12-16 hrs", TRUE,">16 hrs" )} -> 4-8 hrs | X52: {=_xlfn.IFS(stdsurvey[[#This Row],[daily_sleep_hours]]<4,"< 4 hrs",stdsurvey[[#This Row],[daily_sleep_hours]]<=6,"4-6 hrs",stdsurvey[[#This Row],[daily_sleep_hours]]<=8,"6-8 hrs",TRUE,"> 8 hrs")} -> < 4 hrs | Y52: Male
A53: STU1049 | B53: 23 | C53: Male | D53: 1 | E53: Business | F53: 5.5 | G53: 3.6 | H53: 0 | I53: 3 | J53: 4 | K53: {=_xlfn.IFS(stdsurvey[[#This Row],[phq9_score]]="","Answer Not Provided",stdsurvey[[#This Row],[phq9_score]]<=4,"Minimal",stdsurvey[[#This Row],[phq9_score]]<=9,"Mild",stdsurvey[[#This Row],[phq9_score]]<=14,"Moderate",stdsurvey[[#This Row],[phq9_score]]<=19,"Moderately Severe",stdsurvey[[#This Row],[phq9_score]]<=27,"Severe")} -> Minimal | L53: 7 | M53: {=_xlfn.IFS(stdsurvey[[#This Row],[gad7_score]]="","Answer Not Provided",stdsurvey[[#This Row],[gad7_score]]<=4,"Minimal",stdsurvey[[#This Row],[gad7_score]]<=9,"Mild",stdsurvey[[#This Row],[gad7_score]]<=14,"Moderate",stdsurvey[[#This Row],[gad7_score]]<=21,"Severe")} -> Minimal | N53: 31.5 | O53: {=_xlfn.IFS(stdsurvey[[#This Row],[perceived_stress_scale]]="","Answer Not Provided",stdsurvey[[#This Row],[perceived_stress_scale]]<=13,"Low Stress",stdsurvey[[#This Row],[perceived_stress_scale]]<=26,"Moderate Stress",stdsurvey[[#This Row],[perceived_stress_scale]]<=40,"High Stress")} -> Low Stress | P53: 79.4 | Q53: 4 | R53: {=_xlfn.IFS(stdsurvey[[#This Row],[class_attendance_percent]]<60,"Less than 0%",stdsurvey[[#This Row],[class_attendance_percent]]<70,"60-70 %",stdsurvey[[#This Row],[class_attendance_percent]]<80, "70-80%",stdsurvey[[#This Row],[class_attendance_percent]]<90,"80-90%",TRUE,"More than 90%")} -> 70-80% | S53: No | T53: 2 | U53: Spring | V53: 2.86 | W53: {=_xlfn.IFS( stdsurvey[[#This Row],[daily_screen_time_hours]]<1,"<1 hr", stdsurvey[[#This Row],[daily_screen_time_hours]]<4,"1-4 hrs", stdsurvey[[#This Row],[daily_screen_time_hours]]<8,"4-8 hrs", stdsurvey[[#This Row],[daily_screen_time_hours]]<12,"8-12 hrs", stdsurvey[[#This Row],[daily_screen_time_hours]]<=16,"12-16 hrs", TRUE,">16 hrs" )} -> 1-4 hrs | X53: {=_xlfn.IFS(stdsurvey[[#This Row],[daily_sleep_hours]]<4,"< 4 hrs",stdsurvey[[#This Row],[daily_sleep_hours]]<=6,"4-6 hrs",stdsurvey[[#This Row],[daily_sleep_hours]]<=8,"6-8 hrs",TRUE,"> 8 hrs")} -> 4-6 hrs | Y53: Male
A54: STU1050 | B54: 22 | C54: female | D54: 1 | E54: Business | F54: 7.4 | G54: 2.7 | H54: 2 | I54: 6 | J54: 3 | K54: {=_xlfn.IFS(stdsurvey[[#This Row],[phq9_score]]="","Answer Not Provided",stdsurvey[[#This Row],[phq9_score]]<=4,"Minimal",stdsurvey[[#This Row],[phq9_score]]<=9,"Mild",stdsurvey[[#This Row],[phq9_score]]<=14,"Moderate",stdsurvey[[#This Row],[phq9_score]]<=19,"Moderately Severe",stdsurvey[[#This Row],[phq9_score]]<=27,"Severe")} -> Mild | L54: 7 | M54: {=_xlfn.IFS(stdsurvey[[#This Row],[gad7_score]]="","Answer Not Provided",stdsurvey[[#This Row],[gad7_score]]<=4,"Minimal",stdsurvey[[#This Row],[gad7_score]]<=9,"Mild",stdsurvey[[#This Row],[gad7_score]]<=14,"Moderate",stdsurvey[[#This Row],[gad7_score]]<=21,"Severe")} -> Minimal | N54: 13.5 | O54: {=_xlfn.IFS(stdsurvey[[#This Row],[perceived_stress_scale]]="","Answer Not Provided",stdsurvey[[#This Row],[perceived_stress_scale]]<=13,"Low Stress",stdsurvey[[#This Row],[perceived_stress_scale]]<=26,"Moderate Stress",stdsurvey[[#This Row],[perceived_stress_scale]]<=40,"High Stress")} -> Low Stress | P54: 89.8 | Q54: 1 | R54: {=_xlfn.IFS(stdsurvey[[#This Row],[class_attendance_percent]]<60,"Less than 0%",stdsurvey[[#This Row],[class_attendance_percent]]<70,"60-70 %",stdsurvey[[#This Row],[class_attendance_percent]]<80, "70-80%",stdsurvey[[#This Row],[class_attendance_percent]]<90,"80-90%",TRUE,"More than 90%")} -> 80-90% | S54: No | T54: 3 | U54: Spring | V54: 3.08 | W54: {=_xlfn.IFS( stdsurvey[[#This Row],[daily_screen_time_hours]]<1,"<1 hr", stdsurvey[[#This Row],[daily_screen_time_hours]]<4,"1-4 hrs", stdsurvey[[#This Row],[daily_screen_time_hours]]<8,"4-8 hrs", stdsurvey[[#This Row],[daily_screen_time_hours]]<12,"8-12 hrs", stdsurvey[[#This Row],[daily_screen_time_hours]]<=16,"12-16 hrs", TRUE,">16 hrs" )} -> 1-4 hrs | X54: {=_xlfn.IFS(stdsurvey[[#This Row],[daily_sleep_hours]]<4,"< 4 hrs",stdsurvey[[#This Row],[daily_sleep_hours]]<=6,"4-6 hrs",stdsurvey[[#This Row],[daily_sleep_hours]]<=8,"6-8 hrs",TRUE,"> 8 hrs")} -> 6-8 hrs | Y54: Female
A55: STU1051 | B55: 22 | C55: Female | D55: 2 | E55: Health Sciences | F55: 5.4 | G55: 10.1 | H55: 5 | I55: 4 | J55: 3 | K55: {=_xlfn.IFS(stdsurvey[[#This Row],[phq9_score]]="","Answer Not Provided",stdsurvey[[#This Row],[phq9_score]]<=4,"Minimal",stdsurvey[[#This Row],[phq9_score]]<=9,"Mild",stdsurvey[[#This Row],[phq9_score]]<=14,"Moderate",stdsurvey[[#This Row],[phq9_score]]<=19,"Moderately Severe",stdsurvey[[#This Row],[phq9_score]]<=27,"Severe")} -> Minimal | L55: 14 | M55: {=_xlfn.IFS(stdsurvey[[#This Row],[gad7_score]]="","Answer Not Provided",stdsurvey[[#This Row],[gad7_score]]<=4,"Minimal",stdsurvey[[#This Row],[gad7_score]]<=9,"Mild",stdsurvey[[#This Row],[gad7_score]]<=14,"Moderate",stdsurvey[[#This Row],[gad7_score]]<=21,"Severe")} -> Minimal | N55: 18.1 | O55: {=_xlfn.IFS(stdsurvey[[#This Row],[perceived_stress_scale]]="","Answer Not Provided",stdsurvey[[#This Row],[perceived_stress_scale]]<=13,"Low Stress",stdsurvey[[#This Row],[perceived_stress_scale]]<=26,"Moderate Stress",stdsurvey[[#This Row],[perceived_stress_scale]]<=40,"High Stress")} -> Moderate Stress | P55: 76.9 | Q55: 2 | R55: {=_xlfn.IFS(stdsurvey[[#This Row],[class_attendance_percent]]<60,"Less than 0%",stdsurvey[[#This Row],[class_attendance_percent]]<70,"60-70 %",stdsurvey[[#This Row],[class_attendance_percent]]<80, "70-80%",stdsurvey[[#This Row],[class_attendance_percent]]<90,"80-90%",TRUE,"More than 90%")} -> 70-80% | S55: No | T55: 4 | U55: Summer | V55: 2.86 | W55: {=_xlfn.IFS( stdsurvey[[#This Row],[daily_screen_time_hours]]<1,"<1 hr", stdsurvey[[#This Row],[daily_screen_time_hours]]<4,"1-4 hrs", stdsurvey[[#This Row],[daily_screen_time_hours]]<8,"4-8 hrs", stdsurvey[[#This Row],[daily_screen_time_hours]]<12,"8-12 hrs", stdsurvey[[#This Row],[daily_screen_time_hours]]<=16,"12-16 hrs", TRUE,">16 hrs" )} -> 8-12 hrs | X55: {=_xlfn.IFS(stdsurvey[[#This Row],[daily_sleep_hours]]<4,"< 4 hrs",stdsurvey[[#This Row],[daily_sleep_hours]]<=6,"4-6 hrs",stdsurvey[[#This Row],[daily_sleep_hours]]<=8,"6-8 hrs",TRUE,"> 8 hrs")} -> 4-6 hrs | Y55: Female
A56: STU1052 | B56: 23 | C56: Male | D56: 3 | E56: Social Sciences | F56: 5.3 | G56: 5.9 | H56: 2 | I56: 4 | J56: 4 | K56: {=_xlfn.IFS(stdsurvey[[#This Row],[phq9_score]]="","Answer Not Provided",stdsurvey[[#This Row],[phq9_score]]<=4,"Minimal",stdsurvey[[#This Row],[phq9_score]]<=9,"Mild",stdsurvey[[#This Row],[phq9_score]]<=14,"Moderate",stdsurvey[[#This Row],[phq9_score]]<=19,"Moderately Severe",stdsurvey[[#This Row],[phq9_score]]<=27,"Severe")} -> Minimal | L56: 14 | M56: {=_xlfn.IFS(stdsurvey[[#This Row],[gad7_score]]="","Answer Not Provided",stdsurvey[[#This Row],[gad7_score]]<=4,"Minimal",stdsurvey[[#This Row],[gad7_score]]<=9,"Mild",stdsurvey[[#This Row],[gad7_score]]<=14,"Moderate",stdsurvey[[#This Row],[gad7_score]]<=21,"Severe")} -> Minimal | N56: 23.7 | O56: {=_xlfn.IFS(stdsurvey[[#This Row],[perceived_stress_scale]]="","Answer Not Provided",stdsurvey[[#This Row],[perceived_stress_scale]]<=13,"Low Stress",stdsurvey[[#This Row],[perceived_stress_scale]]<=26,"Moderate Stress",stdsurvey[[#This Row],[perceived_stress_scale]]<=40,"High Stress")} -> Moderate Stress | P56: 77.6 | R56: {=_xlfn.IFS(stdsurvey[[#This Row],[class_attendance_percent]]<60,"Less than 0%",stdsurvey[[#This Row],[class_attendance_percent]]<70,"60-70 %",stdsurvey[[#This Row],[class_attendance_percent]]<80, "70-80%",stdsurvey[[#This Row],[class_attendance_percent]]<90,"80-90%",TRUE,"More than 90%")} -> 70-80% | S56: No | T56: 4 | U56: Spring | V56: 2.85 | W56: {=_xlfn.IFS( stdsurvey[[#This Row],[daily_screen_time_hours]]<1,"<1 hr", stdsurvey[[#This Row],[daily_screen_time_hours]]<4,"1-4 hrs", stdsurvey[[#This Row],[daily_screen_time_hours]]<8,"4-8 hrs", stdsurvey[[#This Row],[daily_screen_time_hours]]<12,"8-12 hrs", stdsurvey[[#This Row],[daily_screen_time_hours]]<=16,"12-16 hrs", TRUE,">16 hrs" )} -> 4-8 hrs | X56: {=_xlfn.IFS(stdsurvey[[#This Row],[daily_sleep_hours]]<4,"< 4 hrs",stdsurvey[[#This Row],[daily_sleep_hours]]<=6,"4-6 hrs",stdsurvey[[#This Row],[daily_sleep_hours]]<=8,"6-8 hrs",TRUE,"> 8 hrs")} -> 4-6 hrs | Y56: Male
A57: STU1053 | B57: 18 | C57: Female | D57: 5 | E57: Social Sciences | F57: 7.9 | G57: 5.5 | H57: 4 | I57: 4 | J57: 7 | K57: {=_xlfn.IFS(stdsurvey[[#This Row],[phq9_score]]="","Answer Not Provided",stdsurvey[[#This Row],[phq9_score]]<=4,"Minimal",stdsurvey[[#This Row],[phq9_score]]<=9,"Mild",stdsurvey[[#This Row],[phq9_score]]<=14,"Moderate",stdsurvey[[#This Row],[phq9_score]]<=19,"Moderately Severe",stdsurvey[[#This Row],[phq9_score]]<=27,"Severe")} -> Minimal | L57: 13 | M57: {=_xlfn.IFS(stdsurvey[[#This Row],[gad7_score]]="","Answer Not Provided",stdsurvey[[#This Row],[gad7_score]]<=4,"Minimal",stdsurvey[[#This Row],[gad7_score]]<=9,"Mild",stdsurvey[[#This Row],[gad7_score]]<=14,"Moderate",stdsurvey[[#This Row],[gad7_score]]<=21,"Severe")} -> Mild | N57: 11.9 | O57: {=_xlfn.IFS(stdsurvey[[#This Row],[perceived_stress_scale]]="","Answer Not Provided",stdsurvey[[#This Row],[perceived_stress_scale]]<=13,"Low Stress",stdsurvey[[#This Row],[perceived_stress_scale]]<=26,"Moderate Stress",stdsurvey[[#This Row],[perceived_stress_scale]]<=40,"High Stress")} -> Low Stress | P57: 69.5 | Q57: 4 | R57: {=_xlfn.IFS(stdsurvey[[#This Row],[class_attendance_percent]]<60,"Less than 0%",stdsurvey[[#This Row],[class_attendance_percent]]<70,"60-70 %",stdsurvey[[#This Row],[class_attendance_percent]]<80, "70-80%",stdsurvey[[#This Row],[class_attendance_percent]]<90,"80-90%",TRUE,"More than 90%")} -> 60-70 % | S57: No | T57: 4 | U57: Spring | V57: 2.52 | W57: {=_xlfn.IFS( stdsurvey[[#This Row],[daily_screen_time_hours]]<1,"<1 hr", stdsurvey[[#This Row],[daily_screen_time_hours]]<4,"1-4 hrs", stdsurvey[[#This Row],[daily_screen_time_hours]]<8,"4-8 hrs", stdsurvey[[#This Row],[daily_screen_time_hours]]<12,"8-12 hrs", stdsurvey[[#This Row],[daily_screen_time_hours]]<=16,"12-16 hrs", TRUE,">16 hrs" )} -> 4-8 hrs | X57: {=_xlfn.IFS(stdsurvey[[#This Row],[daily_sleep_hours]]<4,"< 4 hrs",stdsurvey[[#This Row],[daily_sleep_hours]]<=6,"4-6 hrs",stdsurvey[[#This Row],[daily_sleep_hours]]<=8,"6-8 hrs",TRUE,"> 8 hrs")} -> 6-8 hrs | Y57: Female
A58: STU1054 | B58: 21 | C58: Male | D58: 5 | E58: Law | F58: 4.8 | G58: 6 | H58: 0 | I58: 3 | J58: 4 | K58: {=_xlfn.IFS(stdsurvey[[#This Row],[phq9_score]]="","Answer Not Provided",stdsurvey[[#This Row],[phq9_score]]<=4,"Minimal",stdsurvey[[#This Row],[phq9_score]]<=9,"Mild",stdsurvey[[#This Row],[phq9_score]]<=14,"Moderate",stdsurvey[[#This Row],[phq9_score]]<=19,"Moderately Severe",stdsurvey[[#This Row],[phq9_score]]<=27,"Severe")} -> Minimal | L58: 8 | M58: {=_xlfn.IFS(stdsurvey[[#This Row],[gad7_score]]="","Answer Not Provided",stdsurvey[[#This Row],[gad7_score]]<=4,"Minimal",stdsurvey[[#This Row],[gad7_score]]<=9,"Mild",stdsurvey[[#This Row],[gad7_score]]<=14,"Moderate",stdsurvey[[#This Row],[gad7_score]]<=21,"Severe")} -> Minimal | N58: 16.4 | O58: {=_xlfn.IFS(stdsurvey[[#This Row],[perceived_stress_scale]]="","Answer Not Provided",stdsurvey[[#This Row],[perceived_stress_scale]]<=13,"Low Stress",stdsurvey[[#This Row],[perceived_stress_scale]]<=26,"Moderate Stress",stdsurvey[[#This Row],[perceived_stress_scale]]<=40,"High Stress")} -> Low Stress | P58: 96.9 | Q58: 5 | R58: {=_xlfn.IFS(stdsurvey[[#This Row],[class_attendance_percent]]<60,"Less than 0%",stdsurvey[[#This Row],[class_attendance_percent]]<70,"60-70 %",stdsurvey[[#This Row],[class_attendance_percent]]<80, "70-80%",stdsurvey[[#This Row],[class_attendance_percent]]<90,"80-90%",TRUE,"More than 90%")} -> More than 90% | S58: Yes | T58: 4 | U58: Spring | V58: 2.81 | W58: {=_xlfn.IFS( stdsurvey[[#This Row],[daily_screen_time_hours]]<1,"<1 hr", stdsurvey[[#This Row],[daily_screen_time_hours]]<4,"1-4 hrs", stdsurvey[[#This Row],[daily_screen_time_hours]]<8,"4-8 hrs", stdsurvey[[#This Row],[daily_screen_time_hours]]<12,"8-12 hrs", stdsurvey[[#This Row],[daily_screen_time_hours]]<=16,"12-16 hrs", TRUE,">16 hrs" )} -> 4-8 hrs | X58: {=_xlfn.IFS(stdsurvey[[#This Row],[daily_sleep_hours]]<4,"< 4 hrs",stdsurvey[[#This Row],[daily_sleep_hours]]<=6,"4-6 hrs",stdsurvey[[#This Row],[daily_sleep_hours]]<=8,"6-8 hrs",TRUE,"> 8 hrs")} -> 4-6 hrs | Y58: Male
A59: STU1055 | B59: 21 | C59: Male | D59: 1 | E59: Business | F59: 4.7 | G59: 5.8 | H59: 2 | I59: 6 | J59: 5 | K59: {=_xlfn.IFS(stdsurvey[[#This Row],[phq9_score]]="","Answer Not Provided",stdsurvey[[#This Row],[phq9_score]]<=4,"Minimal",stdsurvey[[#This Row],[phq9_score]]<=9,"Mild",stdsurvey[[#This Row],[phq9_score]]<=14,"Moderate",stdsurvey[[#This Row],[phq9_score]]<=19,"Moderately Severe",stdsurvey[[#This Row],[phq9_score]]<=27,"Severe")} -> Mild | L59: 10 | M59: {=_xlfn.IFS(stdsurvey[[#This Row],[gad7_score]]="","Answer Not Provided",stdsurvey[[#This Row],[gad7_score]]<=4,"Minimal",stdsurvey[[#This Row],[gad7_score]]<=9,"Mild",stdsurvey[[#This Row],[gad7_score]]<=14,"Moderate",stdsurvey[[#This Row],[gad7_score]]<=21,"Severe")} -> Mild | N59: 25.6 | O59: {=_xlfn.IFS(stdsurvey[[#This Row],[perceived_stress_scale]]="","Answer Not Provided",stdsurvey[[#This Row],[perceived_stress_scale]]<=13,"Low Stress",stdsurvey[[#This Row],[perceived_stress_scale]]<=26,"Moderate Stress",stdsurvey[[#This Row],[perceived_stress_scale]]<=40,"High Stress")} -> Low Stress | P59: 68.4 | Q59: 3 | R59: {=_xlfn.IFS(stdsurvey[[#This Row],[class_attendance_percent]]<60,"Less than 0%",stdsurvey[[#This Row],[class_attendance_percent]]<70,"60-70 %",stdsurvey[[#This Row],[class_attendance_percent]]<80, "70-80%",stdsurvey[[#This Row],[class_attendance_percent]]<90,"80-90%",TRUE,"More than 90%")} -> 60-70 % | S59: Yes | T59: 2 | U59: Fall | V59: 3.17 | W59: {=_xlfn.IFS( stdsurvey[[#This Row],[daily_screen_time_hours]]<1,"<1 hr", stdsurvey[[#This Row],[daily_screen_time_hours]]<4,"1-4 hrs", stdsurvey[[#This Row],[daily_screen_time_hours]]<8,"4-8 hrs", stdsurvey[[#This Row],[daily_screen_time_hours]]<12,"8-12 hrs", stdsurvey[[#This Row],[daily_screen_time_hours]]<=16,"12-16 hrs", TRUE,">16 hrs" )} -> 4-8 hrs | X59: {=_xlfn.IFS(stdsurvey[[#This Row],[daily_sleep_hours]]<4,"< 4 hrs",stdsurvey[[#This Row],[daily_sleep_hours]]<=6,"4-6 hrs",stdsurvey[[#This Row],[daily_sleep_hours]]<=8,"6-8 hrs",TRUE,"> 8 hrs")} -> 4-6 hrs | Y59: Male
A60: STU1056 | B60: 20 | C60: Non-binary | D60: 1 | E60: Business | F60: 6.6 | G60: 3.7 | H60: 3 | I60: 12 | J60: 12 | K60: {=_xlfn.IFS(stdsurvey[[#This Row],[phq9_score]]="","Answer Not Provided",stdsurvey[[#This Row],[phq9_score]]<=4,"Minimal",stdsurvey[[#This Row],[phq9_score]]<=9,"Mild",stdsurvey[[#This Row],[phq9_score]]<=14,"Moderate",stdsurvey[[#This Row],[phq9_score]]<=19,"Moderately Severe",stdsurvey[[#This Row],[phq9_score]]<=27,"Severe")} -> Moderate | L60: 22 | M60: {=_xlfn.IFS(stdsurvey[[#This Row],[gad7_score]]="","Answer Not Provided",stdsurvey[[#This Row],[gad7_score]]<=4,"Minimal",stdsurvey[[#This Row],[gad7_score]]<=9,"Mild",stdsurvey[[#This Row],[gad7_score]]<=14,"Moderate",stdsurvey[[#This Row],[gad7_score]]<=21,"Severe")} -> Moderate | N60: 13.7 | O60: {=_xlfn.IFS(stdsurvey[[#This Row],[perceived_stress_scale]]="","Answer Not Provided",stdsurvey[[#This Row],[perceived_stress_scale]]<=13,"Low Stress",stdsurvey[[#This Row],[perceived_stress_scale]]<=26,"Moderate Stress",stdsurvey[[#This Row],[perceived_stress_scale]]<=40,"High Stress")} -> Moderate Stress | P60: 100 | Q60: 3 | R60: {=_xlfn.IFS(stdsurvey[[#This Row],[class_attendance_percent]]<60,"Less than 0%",stdsurvey[[#This Row],[class_attendance_percent]]<70,"60-70 %",stdsurvey[[#This Row],[class_attendance_percent]]<80, "70-80%",stdsurvey[[#This Row],[class_attendance_percent]]<90,"80-90%",TRUE,"More than 90%")} -> More than 90% | S60: No | T60: 3 | U60: Fall | V60: 3 | W60: {=_xlfn.IFS( stdsurvey[[#This Row],[daily_screen_time_hours]]<1,"<1 hr", stdsurvey[[#This Row],[daily_screen_time_hours]]<4,"1-4 hrs", stdsurvey[[#This Row],[daily_screen_time_hours]]<8,"4-8 hrs", stdsurvey[[#This Row],[daily_screen_time_hours]]<12,"8-12 hrs", stdsurvey[[#This Row],[daily_screen_time_hours]]<=16,"12-16 hrs", TRUE,">16 hrs" )} -> 1-4 hrs | X60: {=_xlfn.IFS(stdsurvey[[#This Row],[daily_sleep_hours]]<4,"< 4 hrs",stdsurvey[[#This Row],[daily_sleep_hours]]<=6,"4-6 hrs",stdsurvey[[#This Row],[daily_sleep_hours]]<=8,"6-8 hrs",TRUE,"> 8 hrs")} -> 6-8 hrs | Y60: Non-binary
A61: STU1057 | B61: 21 | C61: Female | D61: 4 | E61: Arts | F61: 6.6 | G61: 2.6 | H61: 1 | I61: 20 | J61: 18 | K61: {=_xlfn.IFS(stdsurvey[[#This Row],[phq9_score]]="","Answer Not Provided",stdsurvey[[#This Row],[phq9_score]]<=4,"Minimal",stdsurvey[[#This Row],[phq9_score]]<=9,"Mild",stdsurvey[[#This Row],[phq9_score]]<=14,"Moderate",stdsurvey[[#This Row],[phq9_score]]<=19,"Moderately Severe",stdsurvey[[#This Row],[phq9_score]]<=27,"Severe")} -> Severe | L61: 25 | M61: {=_xlfn.IFS(stdsurvey[[#This Row],[gad7_score]]="","Answer Not Provided",stdsurvey[[#This Row],[gad7_score]]<=4,"Minimal",stdsurvey[[#This Row],[gad7_score]]<=9,"Mild",stdsurvey[[#This Row],[gad7_score]]<=14,"Moderate",stdsurvey[[#This Row],[gad7_score]]<=21,"Severe")} -> Severe | N61: 1.3 | O61: {=_xlfn.IFS(stdsurvey[[#This Row],[perceived_stress_scale]]="","Answer Not Provided",stdsurvey[[#This Row],[perceived_stress_scale]]<=13,"Low Stress",stdsurvey[[#This Row],[perceived_stress_scale]]<=26,"Moderate Stress",stdsurvey[[#This Row],[perceived_stress_scale]]<=40,"High Stress")} -> Moderate Stress | P61: 100 | Q61: 4 | R61: {=_xlfn.IFS(stdsurvey[[#This Row],[class_attendance_percent]]<60,"Less than 0%",stdsurvey[[#This Row],[class_attendance_percent]]<70,"60-70 %",stdsurvey[[#This Row],[class_attendance_percent]]<80, "70-80%",stdsurvey[[#This Row],[class_attendance_percent]]<90,"80-90%",TRUE,"More than 90%")} -> More than 90% | S61: No | T61: 1 | U61: Summer | V61: 2.4 | W61: {=_xlfn.IFS( stdsurvey[[#This Row],[daily_screen_time_hours]]<1,"<1 hr", stdsurvey[[#This Row],[daily_screen_time_hours]]<4,"1-4 hrs", stdsurvey[[#This Row],[daily_screen_time_hours]]<8,"4-8 hrs", stdsurvey[[#This Row],[daily_screen_time_hours]]<12,"8-12 hrs", stdsurvey[[#This Row],[daily_screen_time_hours]]<=16,"12-16 hrs", TRUE,">16 hrs" )} -> 1-4 hrs | X61: {=_xlfn.IFS(stdsurvey[[#This Row],[daily_sleep_hours]]<4,"< 4 hrs",stdsurvey[[#This Row],[daily_sleep_hours]]<=6,"4-6 hrs",stdsurvey[[#This Row],[daily_sleep_hours]]<=8,"6-8 hrs",TRUE,"> 8 hrs")} -> 6-8 hrs | Y61: Female
A62: STU1058 | B62: 25 | C62: Prefer not to say | D62: 2 | E62: STEM | F62: 6.3 | G62: 4.8 | H62: 5 | I62: 10 | J62: 11 | K62: {=_xlfn.IFS(stdsurvey[[#This Row],[phq9_score]]="","Answer Not Provided",stdsurvey[[#This Row],[phq9_score]]<=4,"Minimal",stdsurvey[[#This Row],[phq9_score]]<=9,"Mild",stdsurvey[[#This Row],[phq9_score]]<=14,"Moderate",stdsurvey[[#This Row],[phq9_score]]<=19,"Moderately Severe",stdsurvey[[#This Row],[phq9_score]]<=27,"Severe")} -> Moderate | L62: 15 | M62: {=_xlfn.IFS(stdsurvey[[#This Row],[gad7_score]]="","Answer Not Provided",stdsurvey[[#This Row],[gad7_score]]<=4,"Minimal",stdsurvey[[#This Row],[gad7_score]]<=9,"Mild",stdsurvey[[#This Row],[gad7_score]]<=14,"Moderate",stdsurvey[[#This Row],[gad7_score]]<=21,"Severe")} -> Moderate | N62: 25 | O62: {=_xlfn.IFS(stdsurvey[[#This Row],[perceived_stress_scale]]="","Answer Not Provided",stdsurvey[[#This Row],[perceived_stress_scale]]<=13,"Low Stress",stdsurvey[[#This Row],[perceived_stress_scale]]<=26,"Moderate Stress",stdsurvey[[#This Row],[perceived_stress_scale]]<=40,"High Stress")} -> Moderate Stress | P62: 100 | Q62: 2 | R62: {=_xlfn.IFS(stdsurvey[[#This Row],[class_attendance_percent]]<60,"Less than 0%",stdsurvey[[#This Row],[class_attendance_percent]]<70,"60-70 %",stdsurvey[[#This Row],[class_attendance_percent]]<80, "70-80%",stdsurvey[[#This Row],[class_attendance_percent]]<90,"80-90%",TRUE,"More than 90%")} -> More than 90% | S62: Yes | T62: 5 | U62: Spring | V62: 3.24 | W62: {=_xlfn.IFS( stdsurvey[[#This Row],[daily_screen_time_hours]]<1,"<1 hr", stdsurvey[[#This Row],[daily_screen_time_hours]]<4,"1-4 hrs", stdsurvey[[#This Row],[daily_screen_time_hours]]<8,"4-8 hrs", stdsurvey[[#This Row],[daily_screen_time_hours]]<12,"8-12 hrs", stdsurvey[[#This Row],[daily_screen_time_hours]]<=16,"12-16 hrs", TRUE,">16 hrs" )} -> 4-8 hrs | X62: {=_xlfn.IFS(stdsurvey[[#This Row],[daily_sleep_hours]]<4,"< 4 hrs",stdsurvey[[#This Row],[daily_sleep_hours]]<=6,"4-6 hrs",stdsurvey[[#This Row],[daily_sleep_hours]]<=8,"6-8 hrs",TRUE,"> 8 hrs")} -> 6-8 hrs | Y62: Prefer not to say
A63: STU1059 | B63: 20 | C63: Female | D63: 4 | E63: Social Sciences | F63: 7.5 | G63: 3.7 | H63: 1 | I63: 2 | J63: 2 | K63: {=_xlfn.IFS(stdsurvey[[#This Row],[phq9_score]]="","Answer Not Provided",stdsurvey[[#This Row],[phq9_score]]<=4,"Minimal",stdsurvey[[#This Row],[phq9_score]]<=9,"Mild",stdsurvey[[#This Row],[phq9_score]]<=14,"Moderate",stdsurvey[[#This Row],[phq9_score]]<=19,"Moderately Severe",stdsurvey[[#This Row],[phq9_score]]<=27,"Severe")} -> Minimal | L63: 13 | M63: {=_xlfn.IFS(stdsurvey[[#This Row],[gad7_score]]="","Answer Not Provided",stdsurvey[[#This Row],[gad7_score]]<=4,"Minimal",stdsurvey[[#This Row],[gad7_score]]<=9,"Mild",stdsurvey[[#This Row],[gad7_score]]<=14,"Moderate",stdsurvey[[#This Row],[gad7_score]]<=21,"Severe")} -> Minimal | N63: 12.4 | O63: {=_xlfn.IFS(stdsurvey[[#This Row],[perceived_stress_scale]]="","Answer Not Provided",stdsurvey[[#This Row],[perceived_stress_scale]]<=13,"Low Stress",stdsurvey[[#This Row],[perceived_stress_scale]]<=26,"Moderate Stress",stdsurvey[[#This Row],[perceived_stress_scale]]<=40,"High Stress")} -> Low Stress | P63: 100 | Q63: 4 | R63: {=_xlfn.IFS(stdsurvey[[#This Row],[class_attendance_percent]]<60,"Less than 0%",stdsurvey[[#This Row],[class_attendance_percent]]<70,"60-70 %",stdsurvey[[#This Row],[class_attendance_percent]]<80, "70-80%",stdsurvey[[#This Row],[class_attendance_percent]]<90,"80-90%",TRUE,"More than 90%")} -> More than 90% | S63: Yes | T63: 3 | U63: Fall | V63: 3.74 | W63: {=_xlfn.IFS( stdsurvey[[#This Row],[daily_screen_time_hours]]<1,"<1 hr", stdsurvey[[#This Row],[daily_screen_time_hours]]<4,"1-4 hrs", stdsurvey[[#This Row],[daily_screen_time_hours]]<8,"4-8 hrs", stdsurvey[[#This Row],[daily_screen_time_hours]]<12,"8-12 hrs", stdsurvey[[#This Row],[daily_screen_time_hours]]<=16,"12-16 hrs", TRUE,">16 hrs" )} -> 1-4 hrs | X63: {=_xlfn.IFS(stdsurvey[[#This Row],[daily_sleep_hours]]<4,"< 4 hrs",stdsurvey[[#This Row],[daily_sleep_hours]]<=6,"4-6 hrs",stdsurvey[[#This Row],[daily_sleep_hours]]<=8,"6-8 hrs",TRUE,"> 8 hrs")} -> 6-8 hrs | Y63: Female
A64: STU1060 | B64: 24 | C64: Female | D64: 3 | E64: Social Sciences | F64: 7.1 | G64: 1 | H64: 5 | I64: 8 | J64: 6 | K64: {=_xlfn.IFS(stdsurvey[[#This Row],[phq9_score]]="","Answer Not Provided",stdsurvey[[#This Row],[phq9_score]]<=4,"Minimal",stdsurvey[[#This Row],[phq9_score]]<=9,"Mild",stdsurvey[[#This Row],[phq9_score]]<=14,"Moderate",stdsurvey[[#This Row],[phq9_score]]<=19,"Moderately Severe",stdsurvey[[#This Row],[phq9_score]]<=27,"Severe")} -> Mild | L64: 13 | M64: {=_xlfn.IFS(stdsurvey[[#This Row],[gad7_score]]="","Answer Not Provided",stdsurvey[[#This Row],[gad7_score]]<=4,"Minimal",stdsurvey[[#This Row],[gad7_score]]<=9,"Mild",stdsurvey[[#This Row],[gad7_score]]<=14,"Moderate",stdsurvey[[#This Row],[gad7_score]]<=21,"Severe")} -> Mild | N64: 28.4 | O64: {=_xlfn.IFS(stdsurvey[[#This Row],[perceived_stress_scale]]="","Answer Not Provided",stdsurvey[[#This Row],[perceived_stress_scale]]<=13,"Low Stress",stdsurvey[[#This Row],[perceived_stress_scale]]<=26,"Moderate Stress",stdsurvey[[#This Row],[perceived_stress_scale]]<=40,"High Stress")} -> Low Stress | P64: 75.8 | Q64: 2 | R64: {=_xlfn.IFS(stdsurvey[[#This Row],[class_attendance_percent]]<60,"Less than 0%",stdsurvey[[#This Row],[class_attendance_percent]]<70,"60-70 %",stdsurvey[[#This Row],[class_attendance_percent]]<80, "70-80%",stdsurvey[[#This Row],[class_attendance_percent]]<90,"80-90%",TRUE,"More than 90%")} -> 70-80% | S64: Yes | T64: 2 | U64: Fall | V64: 3.11 | W64: {=_xlfn.IFS( stdsurvey[[#This Row],[daily_screen_time_hours]]<1,"<1 hr", stdsurvey[[#This Row],[daily_screen_time_hours]]<4,"1-4 hrs", stdsurvey[[#This Row],[daily_screen_time_hours]]<8,"4-8 hrs", stdsurvey[[#This Row],[daily_screen_time_hours]]<12,"8-12 hrs", stdsurvey[[#This Row],[daily_screen_time_hours]]<=16,"12-16 hrs", TRUE,">16 hrs" )} -> 1-4 hrs | X64: {=_xlfn.IFS(stdsurvey[[#This Row],[daily_sleep_hours]]<4,"< 4 hrs",stdsurvey[[#This Row],[daily_sleep_hours]]<=6,"4-6 hrs",stdsurvey[[#This Row],[daily_sleep_hours]]<=8,"6-8 hrs",TRUE,"> 8 hrs")} -> 6-8 hrs | Y64: Female
A65: STU1061 | B65: 18 | C65: male | D65: 1 | E65: STEM | F65: 7.3 | G65: 1.9 | H65: 1 | I65: 27 | J65: 21 | K65: {=_xlfn.IFS(stdsurvey[[#This Row],[phq9_score]]="","Answer Not Provided",stdsurvey[[#This Row],[phq9_score]]<=4,"Minimal",stdsurvey[[#This Row],[phq9_score]]<=9,"Mild",stdsurvey[[#This Row],[phq9_score]]<=14,"Moderate",stdsurvey[[#This Row],[phq9_score]]<=19,"Moderately Severe",stdsurvey[[#This Row],[phq9_score]]<=27,"Severe")} -> Severe | L65: 38 | M65: {=_xlfn.IFS(stdsurvey[[#This Row],[gad7_score]]="","Answer Not Provided",stdsurvey[[#This Row],[gad7_score]]<=4,"Minimal",stdsurvey[[#This Row],[gad7_score]]<=9,"Mild",stdsurvey[[#This Row],[gad7_score]]<=14,"Moderate",stdsurvey[[#This Row],[gad7_score]]<=21,"Severe")} -> Severe | N65: 12.9 | O65: {=_xlfn.IFS(stdsurvey[[#This Row],[perceived_stress_scale]]="","Answer Not Provided",stdsurvey[[#This Row],[perceived_stress_scale]]<=13,"Low Stress",stdsurvey[[#This Row],[perceived_stress_scale]]<=26,"Moderate Stress",stdsurvey[[#This Row],[perceived_stress_scale]]<=40,"High Stress")} -> High Stress | P65: 85.4 | Q65: 5 | R65: {=_xlfn.IFS(stdsurvey[[#This Row],[class_attendance_percent]]<60,"Less than 0%",stdsurvey[[#This Row],[class_attendance_percent]]<70,"60-70 %",stdsurvey[[#This Row],[class_attendance_percent]]<80, "70-80%",stdsurvey[[#This Row],[class_attendance_percent]]<90,"80-90%",TRUE,"More than 90%")} -> 80-90% | S65: Yes | T65: 1 | U65: Summer | V65: 2.9 | W65: {=_xlfn.IFS( stdsurvey[[#This Row],[daily_screen_time_hours]]<1,"<1 hr", stdsurvey[[#This Row],[daily_screen_time_hours]]<4,"1-4 hrs", stdsurvey[[#This Row],[daily_screen_time_hours]]<8,"4-8 hrs", stdsurvey[[#This Row],[daily_screen_time_hours]]<12,"8-12 hrs", stdsurvey[[#This Row],[daily_screen_time_hours]]<=16,"12-16 hrs", TRUE,">16 hrs" )} -> 1-4 hrs | X65: {=_xlfn.IFS(stdsurvey[[#This Row],[daily_sleep_hours]]<4,"< 4 hrs",stdsurvey[[#This Row],[daily_sleep_hours]]<=6,"4-6 hrs",stdsurvey[[#This Row],[daily_sleep_hours]]<=8,"6-8 hrs",TRUE,"> 8 hrs")} -> 6-8 hrs | Y65: Male
A66: STU1062 | B66: 21 | C66: female | D66: 4 | E66: Business | F66: 6.3 | G66: 3.3 | H66: 7 | I66: 2 | J66: 4 | K66: {=_xlfn.IFS(stdsurvey[[#This Row],[phq9_score]]="","Answer Not Provided",stdsurvey[[#This Row],[phq9_score]]<=4,"Minimal",stdsurvey[[#This Row],[phq9_score]]<=9,"Mild",stdsurvey[[#This Row],[phq9_score]]<=14,"Moderate",stdsurvey[[#This Row],[phq9_score]]<=19,"Moderately Severe",stdsurvey[[#This Row],[phq9_score]]<=27,"Severe")} -> Minimal | L66: 4 | M66: {=_xlfn.IFS(stdsurvey[[#This Row],[gad7_score]]="","Answer Not Provided",stdsurvey[[#This Row],[gad7_score]]<=4,"Minimal",stdsurvey[[#This Row],[gad7_score]]<=9,"Mild",stdsurvey[[#This Row],[gad7_score]]<=14,"Moderate",stdsurvey[[#This Row],[gad7_score]]<=21,"Severe")} -> Minimal | N66: 25.8 | O66: {=_xlfn.IFS(stdsurvey[[#This Row],[perceived_stress_scale]]="","Answer Not Provided",stdsurvey[[#This Row],[perceived_stress_scale]]<=13,"Low Stress",stdsurvey[[#This Row],[perceived_stress_scale]]<=26,"Moderate Stress",stdsurvey[[#This Row],[perceived_stress_scale]]<=40,"High Stress")} -> Low Stress | P66: 84 | Q66: 4 | R66: {=_xlfn.IFS(stdsurvey[[#This Row],[class_attendance_percent]]<60,"Less than 0%",stdsurvey[[#This Row],[class_attendance_percent]]<70,"60-70 %",stdsurvey[[#This Row],[class_attendance_percent]]<80, "70-80%",stdsurvey[[#This Row],[class_attendance_percent]]<90,"80-90%",TRUE,"More than 90%")} -> 80-90% | S66: No | T66: 4 | U66: Spring | V66: 3.17 | W66: {=_xlfn.IFS( stdsurvey[[#This Row],[daily_screen_time_hours]]<1,"<1 hr", stdsurvey[[#This Row],[daily_screen_time_hours]]<4,"1-4 hrs", stdsurvey[[#This Row],[daily_screen_time_hours]]<8,"4-8 hrs", stdsurvey[[#This Row],[daily_screen_time_hours]]<12,"8-12 hrs", stdsurvey[[#This Row],[daily_screen_time_hours]]<=16,"12-16 hrs", TRUE,">16 hrs" )} -> 1-4 hrs | X66: {=_xlfn.IFS(stdsurvey[[#This Row],[daily_sleep_hours]]<4,"< 4 hrs",stdsurvey[[#This Row],[daily_sleep_hours]]<=6,"4-6 hrs",stdsurvey[[#This Row],[daily_sleep_hours]]<=8,"6-8 hrs",TRUE,"> 8 hrs")} -> 6-8 hrs | Y66: Female
A67: STU1063 | B67: 22 | C67: male | D67: 1 | E67: STEM | F67: 5.4 | G67: 7.8 | H67: 3 | I67: 17 | J67: 13 | K67: {=_xlfn.IFS(stdsurvey[[#This Row],[phq9_score]]="","Answer Not Provided",stdsurvey[[#This Row],[phq9_score]]<=4,"Minimal",stdsurvey[[#This Row],[phq9_score]]<=9,"Mild",stdsurvey[[#This Row],[phq9_score]]<=14,"Moderate",stdsurvey[[#This Row],[phq9_score]]<=19,"Moderately Severe",stdsurvey[[#This Row],[phq9_score]]<=27,"Severe")} -> Moderately Severe | L67: 24 | M67: {=_xlfn.IFS(stdsurvey[[#This Row],[gad7_score]]="","Answer Not Provided",stdsurvey[[#This Row],[gad7_score]]<=4,"Minimal",stdsurvey[[#This Row],[gad7_score]]<=9,"Mild",stdsurvey[[#This Row],[gad7_score]]<=14,"Moderate",stdsurvey[[#This Row],[gad7_score]]<=21,"Severe")} -> Moderate | N67: 31.8 | O67: {=_xlfn.IFS(stdsurvey[[#This Row],[perceived_stress_scale]]="","Answer Not Provided",stdsurvey[[#This Row],[perceived_stress_scale]]<=13,"Low Stress",stdsurvey[[#This Row],[perceived_stress_scale]]<=26,"Moderate Stress",stdsurvey[[#This Row],[perceived_stress_scale]]<=40,"High Stress")} -> Moderate Stress | P67: 56.2 | Q67: 3 | R67: {=_xlfn.IFS(stdsurvey[[#This Row],[class_attendance_percent]]<60,"Less than 0%",stdsurvey[[#This Row],[class_attendance_percent]]<70,"60-70 %",stdsurvey[[#This Row],[class_attendance_percent]]<80, "70-80%",stdsurvey[[#This Row],[class_attendance_percent]]<90,"80-90%",TRUE,"More than 90%")} -> Less than 0% | S67: Yes | T67: 4 | U67: Spring | V67: 2.52 | W67: {=_xlfn.IFS( stdsurvey[[#This Row],[daily_screen_time_hours]]<1,"<1 hr", stdsurvey[[#This Row],[daily_screen_time_hours]]<4,"1-4 hrs", stdsurvey[[#This Row],[daily_screen_time_hours]]<8,"4-8 hrs", stdsurvey[[#This Row],[daily_screen_time_hours]]<12,"8-12 hrs", stdsurvey[[#This Row],[daily_screen_time_hours]]<=16,"12-16 hrs", TRUE,">16 hrs" )} -> 4-8 hrs | X67: {=_xlfn.IFS(stdsurvey[[#This Row],[daily_sleep_hours]]<4,"< 4 hrs",stdsurvey[[#This Row],[daily_sleep_hours]]<=6,"4-6 hrs",stdsurvey[[#This Row],[daily_sleep_hours]]<=8,"6-8 hrs",TRUE,"> 8 hrs")} -> 4-6 hrs | Y67: Male
A68: STU1064 | B68: 23 | C68: F | D68: 2 | E68: STEM | F68: 5.9 | G68: 4.8 | H68: 0 | I68: 4 | J68: 6 | K68: {=_xlfn.IFS(stdsurvey[[#This Row],[phq9_score]]="","Answer Not Provided",stdsurvey[[#This Row],[phq9_score]]<=4,"Minimal",stdsurvey[[#This Row],[phq9_score]]<=9,"Mild",stdsurvey[[#This Row],[phq9_score]]<=14,"Moderate",stdsurvey[[#This Row],[phq9_score]]<=19,"Moderately Severe",stdsurvey[[#This Row],[phq9_score]]<=27,"Severe")} -> Minimal | L68: 16 | M68: {=_xlfn.IFS(stdsurvey[[#This Row],[gad7_score]]="","Answer Not Provided",stdsurvey[[#This Row],[gad7_score]]<=4,"Minimal",stdsurvey[[#This Row],[gad7_score]]<=9,"Mild",stdsurvey[[#This Row],[gad7_score]]<=14,"Moderate",stdsurvey[[#This Row],[gad7_score]]<=21,"Severe")} -> Mild | N68: 12.6 | O68: {=_xlfn.IFS(stdsurvey[[#This Row],[perceived_stress_scale]]="","Answer Not Provided",stdsurvey[[#This Row],[perceived_stress_scale]]<=13,"Low Stress",stdsurvey[[#This Row],[perceived_stress_scale]]<=26,"Moderate Stress",stdsurvey[[#This Row],[perceived_stress_scale]]<=40,"High Stress")} -> Moderate Stress | P68: 96.8 | Q68: 3 | R68: {=_xlfn.IFS(stdsurvey[[#This Row],[class_attendance_percent]]<60,"Less than 0%",stdsurvey[[#This Row],[class_attendance_percent]]<70,"60-70 %",stdsurvey[[#This Row],[class_attendance_percent]]<80, "70-80%",stdsurvey[[#This Row],[class_attendance_percent]]<90,"80-90%",TRUE,"More than 90%")} -> More than 90% | S68: No | T68: 4 | U68: Fall | V68: 2.96 | W68: {=_xlfn.IFS( stdsurvey[[#This Row],[daily_screen_time_hours]]<1,"<1 hr", stdsurvey[[#This Row],[daily_screen_time_hours]]<4,"1-4 hrs", stdsurvey[[#This Row],[daily_screen_time_hours]]<8,"4-8 hrs", stdsurvey[[#This Row],[daily_screen_time_hours]]<12,"8-12 hrs", stdsurvey[[#This Row],[daily_screen_time_hours]]<=16,"12-16 hrs", TRUE,">16 hrs" )} -> 4-8 hrs | X68: {=_xlfn.IFS(stdsurvey[[#This Row],[daily_sleep_hours]]<4,"< 4 hrs",stdsurvey[[#This Row],[daily_sleep_hours]]<=6,"4-6 hrs",stdsurvey[[#This Row],[daily_sleep_hours]]<=8,"6-8 hrs",TRUE,"> 8 hrs")} -> 4-6 hrs | Y68: Female
... A75: STU1071 | B75: 19 | C75: Female | D75: 3 | E75: STEM | F75: 6.1 | G75: 6.8 | H75: 3 | I75: 3 | J75: 2 | K75: {=_xlfn.IFS(stdsurvey[[#This Row],[phq9_score]]="","Answer Not Provided",stdsurvey[[#This Row],[phq9_score]]<=4,"Minimal",stdsurvey[[#This Row],[phq9_score]]<=9,"Mild",stdsurvey[[#This Row],[phq9_score]]<=14,"Moderate",stdsurvey[[#This Row],[phq9_score]]<=19,"Moderately Severe",stdsurvey[[#This Row],[phq9_score]]<=27,"Severe")} -> Minimal | L75: 4 | M75: {=_xlfn.IFS(stdsurvey[[#This Row],[gad7_score]]="","Answer Not Provided",stdsurvey[[#This Row],[gad7_score]]<=4,"Minimal",stdsurvey[[#This Row],[gad7_score]]<=9,"Mild",stdsurvey[[#This Row],[gad7_score]]<=14,"Moderate",stdsurvey[[#This Row],[gad7_score]]<=21,"Severe")} -> Minimal | N75: 21.8 | O75: {=_xlfn.IFS(stdsurvey[[#This Row],[perceived_stress_scale]]="","Answer Not Provided",stdsurvey[[#This Row],[perceived_stress_scale]]<=13,"Low Stress",stdsurvey[[#This Row],[perceived_stress_scale]]<=26,"Moderate Stress",stdsurvey[[#This Row],[perceived_stress_scale]]<=40,"High Stress")} -> Low Stress | P75: 63.2 | Q75: 4 | R75: {=_xlfn.IFS(stdsurvey[[#This Row],[class_attendance_percent]]<60,"Less than 0%",stdsurvey[[#This Row],[class_attendance_percent]]<70,"60-70 %",stdsurvey[[#This Row],[class_attendance_percent]]<80, "70-80%",stdsurvey[[#This Row],[class_attendance_percent]]<90,"80-90%",TRUE,"More than 90%")} -> 60-70 % | S75: Yes | T75: 5 | U75: Spring | V75: 2.82 | W75: {=_xlfn.IFS( stdsurvey[[#This Row],[daily_screen_time_hours]]<1,"<1 hr", stdsurvey[[#This Row],[daily_screen_time_hours]]<4,"1-4 hrs", stdsurvey[[#This Row],[daily_screen_time_hours]]<8,"4-8 hrs", stdsurvey[[#This Row],[daily_screen_time_hours]]<12,"8-12 hrs", stdsurvey[[#This Row],[daily_screen_time_hours]]<=16,"12-16 hrs", TRUE,">16 hrs" )} -> 4-8 hrs | X75: {=_xlfn.IFS(stdsurvey[[#This Row],[daily_sleep_hours]]<4,"< 4 hrs",stdsurvey[[#This Row],[daily_sleep_hours]]<=6,"4-6 hrs",stdsurvey[[#This Row],[daily_sleep_hours]]<=8,"6-8 hrs",TRUE,"> 8 hrs")} -> 6-8 hrs | Y75: Female
A76: STU1072 | B76: 19 | C76: F | D76: 1 | E76: STEM | F76: 6.9 | G76: 1.8 | H76: 3 | I76: 7 | J76: 5 | K76: {=_xlfn.IFS(stdsurvey[[#This Row],[phq9_score]]="","Answer Not Provided",stdsurvey[[#This Row],[phq9_score]]<=4,"Minimal",stdsurvey[[#This Row],[phq9_score]]<=9,"Mild",stdsurvey[[#This Row],[phq9_score]]<=14,"Moderate",stdsurvey[[#This Row],[phq9_score]]<=19,"Moderately Severe",stdsurvey[[#This Row],[phq9_score]]<=27,"Severe")} -> Mild | L76: 17 | M76: {=_xlfn.IFS(stdsurvey[[#This Row],[gad7_score]]="","Answer Not Provided",stdsurvey[[#This Row],[gad7_score]]<=4,"Minimal",stdsurvey[[#This Row],[gad7_score]]<=9,"Mild",stdsurvey[[#This Row],[gad7_score]]<=14,"Moderate",stdsurvey[[#This Row],[gad7_score]]<=21,"Severe")} -> Mild | N76: 23.2 | O76: {=_xlfn.IFS(stdsurvey[[#This Row],[perceived_stress_scale]]="","Answer Not Provided",stdsurvey[[#This Row],[perceived_stress_scale]]<=13,"Low Stress",stdsurvey[[#This Row],[perceived_stress_scale]]<=26,"Moderate Stress",stdsurvey[[#This Row],[perceived_stress_scale]]<=40,"High Stress")} -> Moderate Stress | P76: 87.2 | R76: {=_xlfn.IFS(stdsurvey[[#This Row],[class_attendance_percent]]<60,"Less than 0%",stdsurvey[[#This Row],[class_attendance_percent]]<70,"60-70 %",stdsurvey[[#This Row],[class_attendance_percent]]<80, "70-80%",stdsurvey[[#This Row],[class_attendance_percent]]<90,"80-90%",TRUE,"More than 90%")} -> 80-90% | S76: Yes | T76: 3 | U76: Summer | V76: 3.44 | W76: {=_xlfn.IFS( stdsurvey[[#This Row],[daily_screen_time_hours]]<1,"<1 hr", stdsurvey[[#This Row],[daily_screen_time_hours]]<4,"1-4 hrs", stdsurvey[[#This Row],[daily_screen_time_hours]]<8,"4-8 hrs", stdsurvey[[#This Row],[daily_screen_time_hours]]<12,"8-12 hrs", stdsurvey[[#This Row],[daily_screen_time_hours]]<=16,"12-16 hrs", TRUE,">16 hrs" )} -> 1-4 hrs | X76: {=_xlfn.IFS(stdsurvey[[#This Row],[daily_sleep_hours]]<4,"< 4 hrs",stdsurvey[[#This Row],[daily_sleep_hours]]<=6,"4-6 hrs",stdsurvey[[#This Row],[daily_sleep_hours]]<=8,"6-8 hrs",TRUE,"> 8 hrs")} -> 6-8 hrs | Y76: Female
A77: STU1073 | B77: 20 | C77: Prefer not to say | D77: 4 | E77: STEM | F77: 8.8 | G77: 4.5 | H77: 4 | I77: 9 | J77: 7 | K77: {=_xlfn.IFS(stdsurvey[[#This Row],[phq9_score]]="","Answer Not Provided",stdsurvey[[#This Row],[phq9_score]]<=4,"Minimal",stdsurvey[[#This Row],[phq9_score]]<=9,"Mild",stdsurvey[[#This Row],[phq9_score]]<=14,"Moderate",stdsurvey[[#This Row],[phq9_score]]<=19,"Moderately Severe",stdsurvey[[#This Row],[phq9_score]]<=27,"Severe")} -> Mild | L77: 18 | M77: {=_xlfn.IFS(stdsurvey[[#This Row],[gad7_score]]="","Answer Not Provided",stdsurvey[[#This Row],[gad7_score]]<=4,"Minimal",stdsurvey[[#This Row],[gad7_score]]<=9,"Mild",stdsurvey[[#This Row],[gad7_score]]<=14,"Moderate",stdsurvey[[#This Row],[gad7_score]]<=21,"Severe")} -> Mild | N77: 20.8 | O77: {=_xlfn.IFS(stdsurvey[[#This Row],[perceived_stress_scale]]="","Answer Not Provided",stdsurvey[[#This Row],[perceived_stress_scale]]<=13,"Low Stress",stdsurvey[[#This Row],[perceived_stress_scale]]<=26,"Moderate Stress",stdsurvey[[#This Row],[perceived_stress_scale]]<=40,"High Stress")} -> Moderate Stress | P77: 66.1 | Q77: 2 | R77: {=_xlfn.IFS(stdsurvey[[#This Row],[class_attendance_percent]]<60,"Less than 0%",stdsurvey[[#This Row],[class_attendance_percent]]<70,"60-70 %",stdsurvey[[#This Row],[class_attendance_percent]]<80, "70-80%",stdsurvey[[#This Row],[class_attendance_percent]]<90,"80-90%",TRUE,"More than 90%")} -> 60-70 % | S77: Yes | T77: 3 | U77: Spring | V77: 2.95 | W77: {=_xlfn.IFS( stdsurvey[[#This Row],[daily_screen_time_hours]]<1,"<1 hr", stdsurvey[[#This Row],[daily_screen_time_hours]]<4,"1-4 hrs", stdsurvey[[#This Row],[daily_screen_time_hours]]<8,"4-8 hrs", stdsurvey[[#This Row],[daily_screen_time_hours]]<12,"8-12 hrs", stdsurvey[[#This Row],[daily_screen_time_hours]]<=16,"12-16 hrs", TRUE,">16 hrs" )} -> 4-8 hrs | X77: {=_xlfn.IFS(stdsurvey[[#This Row],[daily_sleep_hours]]<4,"< 4 hrs",stdsurvey[[#This Row],[daily_sleep_hours]]<=6,"4-6 hrs",stdsurvey[[#This Row],[daily_sleep_hours]]<=8,"6-8 hrs",TRUE,"> 8 hrs")} -> > 8 hrs | Y77: Prefer not to say
A78: STU1074 | B78: 23 | C78: Male | D78: 5 | E78: Arts | F78: 5.3 | G78: 4.8 | H78: 3 | I78: 7 | J78: 8 | K78: {=_xlfn.IFS(stdsurvey[[#This Row],[phq9_score]]="","Answer Not Provided",stdsurvey[[#This Row],[phq9_score]]<=4,"Minimal",stdsurvey[[#This Row],[phq9_score]]<=9,"Mild",stdsurvey[[#This Row],[phq9_score]]<=14,"Moderate",stdsurvey[[#This Row],[phq9_score]]<=19,"Moderately Severe",stdsurvey[[#This Row],[phq9_score]]<=27,"Severe")} -> Mild | L78: 13 | M78: {=_xlfn.IFS(stdsurvey[[#This Row],[gad7_score]]="","Answer Not Provided",stdsurvey[[#This Row],[gad7_score]]<=4,"Minimal",stdsurvey[[#This Row],[gad7_score]]<=9,"Mild",stdsurvey[[#This Row],[gad7_score]]<=14,"Moderate",stdsurvey[[#This Row],[gad7_score]]<=21,"Severe")} -> Mild | N78: 14.7 | O78: {=_xlfn.IFS(stdsurvey[[#This Row],[perceived_stress_scale]]="","Answer Not Provided",stdsurvey[[#This Row],[perceived_stress_scale]]<=13,"Low Stress",stdsurvey[[#This Row],[perceived_stress_scale]]<=26,"Moderate Stress",stdsurvey[[#This Row],[perceived_stress_scale]]<=40,"High Stress")} -> Low Stress | P78: 57.3 | Q78: 5 | R78: {=_xlfn.IFS(stdsurvey[[#This Row],[class_attendance_percent]]<60,"Less than 0%",stdsurvey[[#This Row],[class_attendance_percent]]<70,"60-70 %",stdsurvey[[#This Row],[class_attendance_percent]]<80, "70-80%",stdsurvey[[#This Row],[class_attendance_percent]]<90,"80-90%",TRUE,"More than 90%")} -> Less than 0% | S78: Yes | T78: 3 | U78: Fall | V78: 2.51 | W78: {=_xlfn.IFS( stdsurvey[[#This Row],[daily_screen_time_hours]]<1,"<1 hr", stdsurvey[[#This Row],[daily_screen_time_hours]]<4,"1-4 hrs", stdsurvey[[#This Row],[daily_screen_time_hours]]<8,"4-8 hrs", stdsurvey[[#This Row],[daily_screen_time_hours]]<12,"8-12 hrs", stdsurvey[[#This Row],[daily_screen_time_hours]]<=16,"12-16 hrs", TRUE,">16 hrs" )} -> 4-8 hrs | X78: {=_xlfn.IFS(stdsurvey[[#This Row],[daily_sleep_hours]]<4,"< 4 hrs",stdsurvey[[#This Row],[daily_sleep_hours]]<=6,"4-6 hrs",stdsurvey[[#This Row],[daily_sleep_hours]]<=8,"6-8 hrs",TRUE,"> 8 hrs")} -> 4-6 hrs | Y78: Male
A79: STU1075 | B79: 22 | C79: male | D79: 2 | E79: Business | F79: 7.2 | G79: 1.9 | H79: 4 | K79: {=_xlfn.IFS(stdsurvey[[#This Row],[phq9_score]]="","Answer Not Provided",stdsurvey[[#This Row],[phq9_score]]<=4,"Minimal",stdsurvey[[#This Row],[phq9_score]]<=9,"Mild",stdsurvey[[#This Row],[phq9_score]]<=14,"Moderate",stdsurvey[[#This Row],[phq9_score]]<=19,"Moderately Severe",stdsurvey[[#This Row],[phq9_score]]<=27,"Severe")} -> Answer Not Provided | L79: 7 | M79: {=_xlfn.IFS(stdsurvey[[#This Row],[gad7_score]]="","Answer Not Provided",stdsurvey[[#This Row],[gad7_score]]<=4,"Minimal",stdsurvey[[#This Row],[gad7_score]]<=9,"Mild",stdsurvey[[#This Row],[gad7_score]]<=14,"Moderate",stdsurvey[[#This Row],[gad7_score]]<=21,"Severe")} -> Answer Not Provided | N79: 13.7 | O79: {=_xlfn.IFS(stdsurvey[[#This Row],[perceived_stress_scale]]="","Answer Not Provided",stdsurvey[[#This Row],[perceived_stress_scale]]<=13,"Low Stress",stdsurvey[[#This Row],[perceived_stress_scale]]<=26,"Moderate Stress",stdsurvey[[#This Row],[perceived_stress_scale]]<=40,"High Stress")} -> Low Stress | P79: 86.9 | Q79: 3 | R79: {=_xlfn.IFS(stdsurvey[[#This Row],[class_attendance_percent]]<60,"Less than 0%",stdsurvey[[#This Row],[class_attendance_percent]]<70,"60-70 %",stdsurvey[[#This Row],[class_attendance_percent]]<80, "70-80%",stdsurvey[[#This Row],[class_attendance_percent]]<90,"80-90%",TRUE,"More than 90%")} -> 80-90% | S79: Yes | T79: 4 | U79: Spring | V79: 2.55 | W79: {=_xlfn.IFS( stdsurvey[[#This Row],[daily_screen_time_hours]]<1,"<1 hr", stdsurvey[[#This Row],[daily_screen_time_hours]]<4,"1-4 hrs", stdsurvey[[#This Row],[daily_screen_time_hours]]<8,"4-8 hrs", stdsurvey[[#This Row],[daily_screen_time_hours]]<12,"8-12 hrs", stdsurvey[[#This Row],[daily_screen_time_hours]]<=16,"12-16 hrs", TRUE,">16 hrs" )} -> 1-4 hrs | X79: {=_xlfn.IFS(stdsurvey[[#This Row],[daily_sleep_hours]]<4,"< 4 hrs",stdsurvey[[#This Row],[daily_sleep_hours]]<=6,"4-6 hrs",stdsurvey[[#This Row],[daily_sleep_hours]]<=8,"6-8 hrs",TRUE,"> 8 hrs")} -> 6-8 hrs | Y79: Male
A80: STU1076 | B80: 23 | C80: male | D80: 2 | E80: STEM | F80: 6.6 | G80: 9.3 | H80: 7 | I80: 4 | J80: 3 | K80: {=_xlfn.IFS(stdsurvey[[#This Row],[phq9_score]]="","Answer Not Provided",stdsurvey[[#This Row],[phq9_score]]<=4,"Minimal",stdsurvey[[#This Row],[phq9_score]]<=9,"Mild",stdsurvey[[#This Row],[phq9_score]]<=14,"Moderate",stdsurvey[[#This Row],[phq9_score]]<=19,"Moderately Severe",stdsurvey[[#This Row],[phq9_score]]<=27,"Severe")} -> Minimal | L80: 14 | M80: {=_xlfn.IFS(stdsurvey[[#This Row],[gad7_score]]="","Answer Not Provided",stdsurvey[[#This Row],[gad7_score]]<=4,"Minimal",stdsurvey[[#This Row],[gad7_score]]<=9,"Mild",stdsurvey[[#This Row],[gad7_score]]<=14,"Moderate",stdsurvey[[#This Row],[gad7_score]]<=21,"Severe")} -> Minimal | N80: 22.7 | O80: {=_xlfn.IFS(stdsurvey[[#This Row],[perceived_stress_scale]]="","Answer Not Provided",stdsurvey[[#This Row],[perceived_stress_scale]]<=13,"Low Stress",stdsurvey[[#This Row],[perceived_stress_scale]]<=26,"Moderate Stress",stdsurvey[[#This Row],[perceived_stress_scale]]<=40,"High Stress")} -> Moderate Stress | P80: 81.1 | Q80: 3 | R80: {=_xlfn.IFS(stdsurvey[[#This Row],[class_attendance_percent]]<60,"Less than 0%",stdsurvey[[#This Row],[class_attendance_percent]]<70,"60-70 %",stdsurvey[[#This Row],[class_attendance_percent]]<80, "70-80%",stdsurvey[[#This Row],[class_attendance_percent]]<90,"80-90%",TRUE,"More than 90%")} -> 80-90% | S80: No | T80: 4 | U80: Spring | V80: 3.15 | W80: {=_xlfn.IFS( stdsurvey[[#This Row],[daily_screen_time_hours]]<1,"<1 hr", stdsurvey[[#This Row],[daily_screen_time_hours]]<4,"1-4 hrs", stdsurvey[[#This Row],[daily_screen_time_hours]]<8,"4-8 hrs", stdsurvey[[#This Row],[daily_screen_time_hours]]<12,"8-12 hrs", stdsurvey[[#This Row],[daily_screen_time_hours]]<=16,"12-16 hrs", TRUE,">16 hrs" )} -> 8-12 hrs | X80: {=_xlfn.IFS(stdsurvey[[#This Row],[daily_sleep_hours]]<4,"< 4 hrs",stdsurvey[[#This Row],[daily_sleep_hours]]<=6,"4-6 hrs",stdsurvey[[#This Row],[daily_sleep_hours]]<=8,"6-8 hrs",TRUE,"> 8 hrs")} -> 6-8 hrs | Y80: Male
A81: STU1077 | B81: 21 | C81: Female | D81: 2 | E81: Health Sciences | F81: 6.5 | G81: 4.9 | H81: 2 | I81: 4 | J81: 5 | K81: {=_xlfn.IFS(stdsurvey[[#This Row],[phq9_score]]="","Answer Not Provided",stdsurvey[[#This Row],[phq9_score]]<=4,"Minimal",stdsurvey[[#This Row],[phq9_score]]<=9,"Mild",stdsurvey[[#This Row],[phq9_score]]<=14,"Moderate",stdsurvey[[#This Row],[phq9_score]]<=19,"Moderately Severe",stdsurvey[[#This Row],[phq9_score]]<=27,"Severe")} -> Minimal | L81: 9 | M81: {=_xlfn.IFS(stdsurvey[[#This Row],[gad7_score]]="","Answer Not Provided",stdsurvey[[#This Row],[gad7_score]]<=4,"Minimal",stdsurvey[[#This Row],[gad7_score]]<=9,"Mild",stdsurvey[[#This Row],[gad7_score]]<=14,"Moderate",stdsurvey[[#This Row],[gad7_score]]<=21,"Severe")} -> Mild | N81: 18 | O81: {=_xlfn.IFS(stdsurvey[[#This Row],[perceived_stress_scale]]="","Answer Not Provided",stdsurvey[[#This Row],[perceived_stress_scale]]<=13,"Low Stress",stdsurvey[[#This Row],[perceived_stress_scale]]<=26,"Moderate Stress",stdsurvey[[#This Row],[perceived_stress_scale]]<=40,"High Stress")} -> Low Stress | P81: 86.5 | Q81: 5 | R81: {=_xlfn.IFS(stdsurvey[[#This Row],[class_attendance_percent]]<60,"Less than 0%",stdsurvey[[#This Row],[class_attendance_percent]]<70,"60-70 %",stdsurvey[[#This Row],[class_attendance_percent]]<80, "70-80%",stdsurvey[[#This Row],[class_attendance_percent]]<90,"80-90%",TRUE,"More than 90%")} -> 80-90% | S81: Yes | T81: 1 | U81: Fall | V81: 3.22 | W81: {=_xlfn.IFS( stdsurvey[[#This Row],[daily_screen_time_hours]]<1,"<1 hr", stdsurvey[[#This Row],[daily_screen_time_hours]]<4,"1-4 hrs", stdsurvey[[#This Row],[daily_screen_time_hours]]<8,"4-8 hrs", stdsurvey[[#This Row],[daily_screen_time_hours]]<12,"8-12 hrs", stdsurvey[[#This Row],[daily_screen_time_hours]]<=16,"12-16 hrs", TRUE,">16 hrs" )} -> 4-8 hrs | X81: {=_xlfn.IFS(stdsurvey[[#This Row],[daily_sleep_hours]]<4,"< 4 hrs",stdsurvey[[#This Row],[daily_sleep_hours]]<=6,"4-6 hrs",stdsurvey[[#This Row],[daily_sleep_hours]]<=8,"6-8 hrs",TRUE,"> 8 hrs")} -> 6-8 hrs | Y81: Female
A82: STU1078 | B82: 22 | C82: Male | D82: 1 | E82: Business | F82: 10 | G82: 3.3 | H82: 0 | I82: 10 | J82: 6 | K82: {=_xlfn.IFS(stdsurvey[[#This Row],[phq9_score]]="","Answer Not Provided",stdsurvey[[#This Row],[phq9_score]]<=4,"Minimal",stdsurvey[[#This Row],[phq9_score]]<=9,"Mild",stdsurvey[[#This Row],[phq9_score]]<=14,"Moderate",stdsurvey[[#This Row],[phq9_score]]<=19,"Moderately Severe",stdsurvey[[#This Row],[phq9_score]]<=27,"Severe")} -> Moderate | L82: 11 | M82: {=_xlfn.IFS(stdsurvey[[#This Row],[gad7_score]]="","Answer Not Provided",stdsurvey[[#This Row],[gad7_score]]<=4,"Minimal",stdsurvey[[#This Row],[gad7_score]]<=9,"Mild",stdsurvey[[#This Row],[gad7_score]]<=14,"Moderate",stdsurvey[[#This Row],[gad7_score]]<=21,"Severe")} -> Mild | N82: 13.4 | O82: {=_xlfn.IFS(stdsurvey[[#This Row],[perceived_stress_scale]]="","Answer Not Provided",stdsurvey[[#This Row],[perceived_stress_scale]]<=13,"Low Stress",stdsurvey[[#This Row],[perceived_stress_scale]]<=26,"Moderate Stress",stdsurvey[[#This Row],[perceived_stress_scale]]<=40,"High Stress")} -> Low Stress | P82: 61.6 | Q82: 3 | R82: {=_xlfn.IFS(stdsurvey[[#This Row],[class_attendance_percent]]<60,"Less than 0%",stdsurvey[[#This Row],[class_attendance_percent]]<70,"60-70 %",stdsurvey[[#This Row],[class_attendance_percent]]<80, "70-80%",stdsurvey[[#This Row],[class_attendance_percent]]<90,"80-90%",TRUE,"More than 90%")} -> 60-70 % | S82: No | T82: 2 | U82: Fall | V82: 3.16 | W82: {=_xlfn.IFS( stdsurvey[[#This Row],[daily_screen_time_hours]]<1,"<1 hr", stdsurvey[[#This Row],[daily_screen_time_hours]]<4,"1-4 hrs", stdsurvey[[#This Row],[daily_screen_time_hours]]<8,"4-8 hrs", stdsurvey[[#This Row],[daily_screen_time_hours]]<12,"8-12 hrs", stdsurvey[[#This Row],[daily_screen_time_hours]]<=16,"12-16 hrs", TRUE,">16 hrs" )} -> 1-4 hrs | X82: {=_xlfn.IFS(stdsurvey[[#This Row],[daily_sleep_hours]]<4,"< 4 hrs",stdsurvey[[#This Row],[daily_sleep_hours]]<=6,"4-6 hrs",stdsurvey[[#This Row],[daily_sleep_hours]]<=8,"6-8 hrs",TRUE,"> 8 hrs")} -> > 8 hrs | Y82: Male
A83: STU1079 | B83: 23 | C83: Male | D83: 3 | E83: STEM | F83: 6.3 | G83: 3.9 | H83: 1 | I83: 5 | J83: 6 | K83: {=_xlfn.IFS(stdsurvey[[#This Row],[phq9_score]]="","Answer Not Provided",stdsurvey[[#This Row],[phq9_score]]<=4,"Minimal",stdsurvey[[#This Row],[phq9_score]]<=9,"Mild",stdsurvey[[#This Row],[phq9_score]]<=14,"Moderate",stdsurvey[[#This Row],[phq9_score]]<=19,"Moderately Severe",stdsurvey[[#This Row],[phq9_score]]<=27,"Severe")} -> Mild | L83: 6 | M83: {=_xlfn.IFS(stdsurvey[[#This Row],[gad7_score]]="","Answer Not Provided",stdsurvey[[#This Row],[gad7_score]]<=4,"Minimal",stdsurvey[[#This Row],[gad7_score]]<=9,"Mild",stdsurvey[[#This Row],[gad7_score]]<=14,"Moderate",stdsurvey[[#This Row],[gad7_score]]<=21,"Severe")} -> Mild | N83: 23.9 | O83: {=_xlfn.IFS(stdsurvey[[#This Row],[perceived_stress_scale]]="","Answer Not Provided",stdsurvey[[#This Row],[perceived_stress_scale]]<=13,"Low Stress",stdsurvey[[#This Row],[perceived_stress_scale]]<=26,"Moderate Stress",stdsurvey[[#This Row],[perceived_stress_scale]]<=40,"High Stress")} -> Low Stress | P83: 70.3 | Q83: 5 | R83: {=_xlfn.IFS(stdsurvey[[#This Row],[class_attendance_percent]]<60,"Less than 0%",stdsurvey[[#This Row],[class_attendance_percent]]<70,"60-70 %",stdsurvey[[#This Row],[class_attendance_percent]]<80, "70-80%",stdsurvey[[#This Row],[class_attendance_percent]]<90,"80-90%",TRUE,"More than 90%")} -> 70-80% | S83: No | T83: 5 | U83: Spring | V83: 3.28 | W83: {=_xlfn.IFS( stdsurvey[[#This Row],[daily_screen_time_hours]]<1,"<1 hr", stdsurvey[[#This Row],[daily_screen_time_hours]]<4,"1-4 hrs", stdsurvey[[#This Row],[daily_screen_time_hours]]<8,"4-8 hrs", stdsurvey[[#This Row],[daily_screen_time_hours]]<12,"8-12 hrs", stdsurvey[[#This Row],[daily_screen_time_hours]]<=16,"12-16 hrs", TRUE,">16 hrs" )} -> 1-4 hrs | X83: {=_xlfn.IFS(stdsurvey[[#This Row],[daily_sleep_hours]]<4,"< 4 hrs",stdsurvey[[#This Row],[daily_sleep_hours]]<=6,"4-6 hrs",stdsurvey[[#This Row],[daily_sleep_hours]]<=8,"6-8 hrs",TRUE,"> 8 hrs")} -> 6-8 hrs | Y83: Male
A84: STU1080 | B84: 21 | C84: male | D84: 2 | E84: STEM | F84: 7.2 | G84: 1.6 | H84: 3 | I84: 2 | J84: 6 | K84: {=_xlfn.IFS(stdsurvey[[#This Row],[phq9_score]]="","Answer Not Provided",stdsurvey[[#This Row],[phq9_score]]<=4,"Minimal",stdsurvey[[#This Row],[phq9_score]]<=9,"Mild",stdsurvey[[#This Row],[phq9_score]]<=14,"Moderate",stdsurvey[[#This Row],[phq9_score]]<=19,"Moderately Severe",stdsurvey[[#This Row],[phq9_score]]<=27,"Severe")} -> Minimal | L84: 7 | M84: {=_xlfn.IFS(stdsurvey[[#This Row],[gad7_score]]="","Answer Not Provided",stdsurvey[[#This Row],[gad7_score]]<=4,"Minimal",stdsurvey[[#This Row],[gad7_score]]<=9,"Mild",stdsurvey[[#This Row],[gad7_score]]<=14,"Moderate",stdsurvey[[#This Row],[gad7_score]]<=21,"Severe")} -> Mild | N84: 7.6 | O84: {=_xlfn.IFS(stdsurvey[[#This Row],[perceived_stress_scale]]="","Answer Not Provided",stdsurvey[[#This Row],[perceived_stress_scale]]<=13,"Low Stress",stdsurvey[[#This Row],[perceived_stress_scale]]<=26,"Moderate Stress",stdsurvey[[#This Row],[perceived_stress_scale]]<=40,"High Stress")} -> Low Stress | P84: 42.4 | Q84: 4 | R84: {=_xlfn.IFS(stdsurvey[[#This Row],[class_attendance_percent]]<60,"Less than 0%",stdsurvey[[#This Row],[class_attendance_percent]]<70,"60-70 %",stdsurvey[[#This Row],[class_attendance_percent]]<80, "70-80%",stdsurvey[[#This Row],[class_attendance_percent]]<90,"80-90%",TRUE,"More than 90%")} -> Less than 0% | S84: Yes | T84: 5 | U84: Spring | V84: 2.85 | W84: {=_xlfn.IFS( stdsurvey[[#This Row],[daily_screen_time_hours]]<1,"<1 hr", stdsurvey[[#This Row],[daily_screen_time_hours]]<4,"1-4 hrs", stdsurvey[[#This Row],[daily_screen_time_hours]]<8,"4-8 hrs", stdsurvey[[#This Row],[daily_screen_time_hours]]<12,"8-12 hrs", stdsurvey[[#This Row],[daily_screen_time_hours]]<=16,"12-16 hrs", TRUE,">16 hrs" )} -> 1-4 hrs | X84: {=_xlfn.IFS(stdsurvey[[#This Row],[daily_sleep_hours]]<4,"< 4 hrs",stdsurvey[[#This Row],[daily_sleep_hours]]<=6,"4-6 hrs",stdsurvey[[#This Row],[daily_sleep_hours]]<=8,"6-8 hrs",TRUE,"> 8 hrs")} -> 6-8 hrs | Y84: Male
A85: STU1081 | B85: 22 | C85: Female | D85: 4 | E85: Social Sciences | F85: 5.6 | G85: 1.5 | H85: 2 | I85: 3 | J85: 4 | K85: {=_xlfn.IFS(stdsurvey[[#This Row],[phq9_score]]="","Answer Not Provided",stdsurvey[[#This Row],[phq9_score]]<=4,"Minimal",stdsurvey[[#This Row],[phq9_score]]<=9,"Mild",stdsurvey[[#This Row],[phq9_score]]<=14,"Moderate",stdsurvey[[#This Row],[phq9_score]]<=19,"Moderately Severe",stdsurvey[[#This Row],[phq9_score]]<=27,"Severe")} -> Minimal | L85: 4 | M85: {=_xlfn.IFS(stdsurvey[[#This Row],[gad7_score]]="","Answer Not Provided",stdsurvey[[#This Row],[gad7_score]]<=4,"Minimal",stdsurvey[[#This Row],[gad7_score]]<=9,"Mild",stdsurvey[[#This Row],[gad7_score]]<=14,"Moderate",stdsurvey[[#This Row],[gad7_score]]<=21,"Severe")} -> Minimal | N85: 14.7 | O85: {=_xlfn.IFS(stdsurvey[[#This Row],[perceived_stress_scale]]="","Answer Not Provided",stdsurvey[[#This Row],[perceived_stress_scale]]<=13,"Low Stress",stdsurvey[[#This Row],[perceived_stress_scale]]<=26,"Moderate Stress",stdsurvey[[#This Row],[perceived_stress_scale]]<=40,"High Stress")} -> Low Stress | P85: 50.2 | Q85: 4 | R85: {=_xlfn.IFS(stdsurvey[[#This Row],[class_attendance_percent]]<60,"Less than 0%",stdsurvey[[#This Row],[class_attendance_percent]]<70,"60-70 %",stdsurvey[[#This Row],[class_attendance_percent]]<80, "70-80%",stdsurvey[[#This Row],[class_attendance_percent]]<90,"80-90%",TRUE,"More than 90%")} -> Less than 0% | S85: No | T85: 5 | U85: Spring | V85: 2.35 | W85: {=_xlfn.IFS( stdsurvey[[#This Row],[daily_screen_time_hours]]<1,"<1 hr", stdsurvey[[#This Row],[daily_screen_time_hours]]<4,"1-4 hrs", stdsurvey[[#This Row],[daily_screen_time_hours]]<8,"4-8 hrs", stdsurvey[[#This Row],[daily_screen_time_hours]]<12,"8-12 hrs", stdsurvey[[#This Row],[daily_screen_time_hours]]<=16,"12-16 hrs", TRUE,">16 hrs" )} -> 1-4 hrs | X85: {=_xlfn.IFS(stdsurvey[[#This Row],[daily_sleep_hours]]<4,"< 4 hrs",stdsurvey[[#This Row],[daily_sleep_hours]]<=6,"4-6 hrs",stdsurvey[[#This Row],[daily_sleep_hours]]<=8,"6-8 hrs",TRUE,"> 8 hrs")} -> 4-6 hrs | Y85: Female
A86: STU1082 | B86: 20 | C86: Prefer not to say | D86: 4 | E86: Health Sciences | F86: 5.4 | G86: 3.1 | H86: 5 | I86: 10 | J86: 8 | K86: {=_xlfn.IFS(stdsurvey[[#This Row],[phq9_score]]="","Answer Not Provided",stdsurvey[[#This Row],[phq9_score]]<=4,"Minimal",stdsurvey[[#This Row],[phq9_score]]<=9,"Mild",stdsurvey[[#This Row],[phq9_score]]<=14,"Moderate",stdsurvey[[#This Row],[phq9_score]]<=19,"Moderately Severe",stdsurvey[[#This Row],[phq9_score]]<=27,"Severe")} -> Moderate | L86: 13 | M86: {=_xlfn.IFS(stdsurvey[[#This Row],[gad7_score]]="","Answer Not Provided",stdsurvey[[#This Row],[gad7_score]]<=4,"Minimal",stdsurvey[[#This Row],[gad7_score]]<=9,"Mild",stdsurvey[[#This Row],[gad7_score]]<=14,"Moderate",stdsurvey[[#This Row],[gad7_score]]<=21,"Severe")} -> Mild | N86: 16.7 | O86: {=_xlfn.IFS(stdsurvey[[#This Row],[perceived_stress_scale]]="","Answer Not Provided",stdsurvey[[#This Row],[perceived_stress_scale]]<=13,"Low Stress",stdsurvey[[#This Row],[perceived_stress_scale]]<=26,"Moderate Stress",stdsurvey[[#This Row],[perceived_stress_scale]]<=40,"High Stress")} -> Low Stress | P86: 99.5 | R86: {=_xlfn.IFS(stdsurvey[[#This Row],[class_attendance_percent]]<60,"Less than 0%",stdsurvey[[#This Row],[class_attendance_percent]]<70,"60-70 %",stdsurvey[[#This Row],[class_attendance_percent]]<80, "70-80%",stdsurvey[[#This Row],[class_attendance_percent]]<90,"80-90%",TRUE,"More than 90%")} -> More than 90% | S86: No | T86: 3 | U86: Fall | V86: 2.93 | W86: {=_xlfn.IFS( stdsurvey[[#This Row],[daily_screen_time_hours]]<1,"<1 hr", stdsurvey[[#This Row],[daily_screen_time_hours]]<4,"1-4 hrs", stdsurvey[[#This Row],[daily_screen_time_hours]]<8,"4-8 hrs", stdsurvey[[#This Row],[daily_screen_time_hours]]<12,"8-12 hrs", stdsurvey[[#This Row],[daily_screen_time_hours]]<=16,"12-16 hrs", TRUE,">16 hrs" )} -> 1-4 hrs | X86: {=_xlfn.IFS(stdsurvey[[#This Row],[daily_sleep_hours]]<4,"< 4 hrs",stdsurvey[[#This Row],[daily_sleep_hours]]<=6,"4-6 hrs",stdsurvey[[#This Row],[daily_sleep_hours]]<=8,"6-8 hrs",TRUE,"> 8 hrs")} -> 4-6 hrs | Y86: Prefer not to say
A87: STU1083 | B87: 21 | C87: Female | D87: 4 | E87: STEM | F87: 6.3 | G87: 3.3 | H87: 3 | I87: 15 | J87: 12 | K87: {=_xlfn.IFS(stdsurvey[[#This Row],[phq9_score]]="","Answer Not Provided",stdsurvey[[#This Row],[phq9_score]]<=4,"Minimal",stdsurvey[[#This Row],[phq9_score]]<=9,"Mild",stdsurvey[[#This Row],[phq9_score]]<=14,"Moderate",stdsurvey[[#This Row],[phq9_score]]<=19,"Moderately Severe",stdsurvey[[#This Row],[phq9_score]]<=27,"Severe")} -> Moderately Severe | L87: 23 | M87: {=_xlfn.IFS(stdsurvey[[#This Row],[gad7_score]]="","Answer Not Provided",stdsurvey[[#This Row],[gad7_score]]<=4,"Minimal",stdsurvey[[#This Row],[gad7_score]]<=9,"Mild",stdsurvey[[#This Row],[gad7_score]]<=14,"Moderate",stdsurvey[[#This Row],[gad7_score]]<=21,"Severe")} -> Moderate | N87: 16.9 | O87: {=_xlfn.IFS(stdsurvey[[#This Row],[perceived_stress_scale]]="","Answer Not Provided",stdsurvey[[#This Row],[perceived_stress_scale]]<=13,"Low Stress",stdsurvey[[#This Row],[perceived_stress_scale]]<=26,"Moderate Stress",stdsurvey[[#This Row],[perceived_stress_scale]]<=40,"High Stress")} -> Moderate Stress | P87: 100 | Q87: 1 | R87: {=_xlfn.IFS(stdsurvey[[#This Row],[class_attendance_percent]]<60,"Less than 0%",stdsurvey[[#This Row],[class_attendance_percent]]<70,"60-70 %",stdsurvey[[#This Row],[class_attendance_percent]]<80, "70-80%",stdsurvey[[#This Row],[class_attendance_percent]]<90,"80-90%",TRUE,"More than 90%")} -> More than 90% | S87: No | T87: 4 | U87: Fall | V87: 3.42 | W87: {=_xlfn.IFS( stdsurvey[[#This Row],[daily_screen_time_hours]]<1,"<1 hr", stdsurvey[[#This Row],[daily_screen_time_hours]]<4,"1-4 hrs", stdsurvey[[#This Row],[daily_screen_time_hours]]<8,"4-8 hrs", stdsurvey[[#This Row],[daily_screen_time_hours]]<12,"8-12 hrs", stdsurvey[[#This Row],[daily_screen_time_hours]]<=16,"12-16 hrs", TRUE,">16 hrs" )} -> 1-4 hrs | X87: {=_xlfn.IFS(stdsurvey[[#This Row],[daily_sleep_hours]]<4,"< 4 hrs",stdsurvey[[#This Row],[daily_sleep_hours]]<=6,"4-6 hrs",stdsurvey[[#This Row],[daily_sleep_hours]]<=8,"6-8 hrs",TRUE,"> 8 hrs")} -> 6-8 hrs | Y87: Female
A88: STU1084 | B88: 21 | C88: F | D88: 2 | E88: Arts | F88: 7.8 | G88: 3.7 | H88: 3 | I88: 4 | J88: 1 | K88: {=_xlfn.IFS(stdsurvey[[#This Row],[phq9_score]]="","Answer Not Provided",stdsurvey[[#This Row],[phq9_score]]<=4,"Minimal",stdsurvey[[#This Row],[phq9_score]]<=9,"Mild",stdsurvey[[#This Row],[phq9_score]]<=14,"Moderate",stdsurvey[[#This Row],[phq9_score]]<=19,"Moderately Severe",stdsurvey[[#This Row],[phq9_score]]<=27,"Severe")} -> Minimal | L88: 7 | M88: {=_xlfn.IFS(stdsurvey[[#This Row],[gad7_score]]="","Answer Not Provided",stdsurvey[[#This Row],[gad7_score]]<=4,"Minimal",stdsurvey[[#This Row],[gad7_score]]<=9,"Mild",stdsurvey[[#This Row],[gad7_score]]<=14,"Moderate",stdsurvey[[#This Row],[gad7_score]]<=21,"Severe")} -> Minimal | N88: 33 | O88: {=_xlfn.IFS(stdsurvey[[#This Row],[perceived_stress_scale]]="","Answer Not Provided",stdsurvey[[#This Row],[perceived_stress_scale]]<=13,"Low Stress",stdsurvey[[#This Row],[perceived_stress_scale]]<=26,"Moderate Stress",stdsurvey[[#This Row],[perceived_stress_scale]]<=40,"High Stress")} -> Low Stress | P88: 82.3 | Q88: 3 | R88: {=_xlfn.IFS(stdsurvey[[#This Row],[class_attendance_percent]]<60,"Less than 0%",stdsurvey[[#This Row],[class_attendance_percent]]<70,"60-70 %",stdsurvey[[#This Row],[class_attendance_percent]]<80, "70-80%",stdsurvey[[#This Row],[class_attendance_percent]]<90,"80-90%",TRUE,"More than 90%")} -> 80-90% | S88: Yes | T88: 4 | U88: Fall | V88: 3.07 | W88: {=_xlfn.IFS( stdsurvey[[#This Row],[daily_screen_time_hours]]<1,"<1 hr", stdsurvey[[#This Row],[daily_screen_time_hours]]<4,"1-4 hrs", stdsurvey[[#This Row],[daily_screen_time_hours]]<8,"4-8 hrs", stdsurvey[[#This Row],[daily_screen_time_hours]]<12,"8-12 hrs", stdsurvey[[#This Row],[daily_screen_time_hours]]<=16,"12-16 hrs", TRUE,">16 hrs" )} -> 1-4 hrs | X88: {=_xlfn.IFS(stdsurvey[[#This Row],[daily_sleep_hours]]<4,"< 4 hrs",stdsurvey[[#This Row],[daily_sleep_hours]]<=6,"4-6 hrs",stdsurvey[[#This Row],[daily_sleep_hours]]<=8,"6-8 hrs",TRUE,"> 8 hrs")} -> 6-8 hrs | Y88: Female
A89: STU1085 | B89: 19 | C89: Female | D89: 2 | E89: Health Sciences | F89: 5.8 | G89: 9.9 | H89: 4 | I89: 5 | J89: 6 | K89: {=_xlfn.IFS(stdsurvey[[#This Row],[phq9_score]]="","Answer Not Provided",stdsurvey[[#This Row],[phq9_score]]<=4,"Minimal",stdsurvey[[#This Row],[phq9_score]]<=9,"Mild",stdsurvey[[#This Row],[phq9_score]]<=14,"Moderate",stdsurvey[[#This Row],[phq9_score]]<=19,"Moderately Severe",stdsurvey[[#This Row],[phq9_score]]<=27,"Severe")} -> Mild | L89: 12 | M89: {=_xlfn.IFS(stdsurvey[[#This Row],[gad7_score]]="","Answer Not Provided",stdsurvey[[#This Row],[gad7_score]]<=4,"Minimal",stdsurvey[[#This Row],[gad7_score]]<=9,"Mild",stdsurvey[[#This Row],[gad7_score]]<=14,"Moderate",stdsurvey[[#This Row],[gad7_score]]<=21,"Severe")} -> Mild | N89: 20.9 | O89: {=_xlfn.IFS(stdsurvey[[#This Row],[perceived_stress_scale]]="","Answer Not Provided",stdsurvey[[#This Row],[perceived_stress_scale]]<=13,"Low Stress",stdsurvey[[#This Row],[perceived_stress_scale]]<=26,"Moderate Stress",stdsurvey[[#This Row],[perceived_stress_scale]]<=40,"High Stress")} -> Low Stress | P89: 67.6 | Q89: 1 | R89: {=_xlfn.IFS(stdsurvey[[#This Row],[class_attendance_percent]]<60,"Less than 0%",stdsurvey[[#This Row],[class_attendance_percent]]<70,"60-70 %",stdsurvey[[#This Row],[class_attendance_percent]]<80, "70-80%",stdsurvey[[#This Row],[class_attendance_percent]]<90,"80-90%",TRUE,"More than 90%")} -> 60-70 % | S89: No | T89: 2 | U89: Spring | V89: 3.09 | W89: {=_xlfn.IFS( stdsurvey[[#This Row],[daily_screen_time_hours]]<1,"<1 hr", stdsurvey[[#This Row],[daily_screen_time_hours]]<4,"1-4 hrs", stdsurvey[[#This Row],[daily_screen_time_hours]]<8,"4-8 hrs", stdsurvey[[#This Row],[daily_screen_time_hours]]<12,"8-12 hrs", stdsurvey[[#This Row],[daily_screen_time_hours]]<=16,"12-16 hrs", TRUE,">16 hrs" )} -> 8-12 hrs | X89: {=_xlfn.IFS(stdsurvey[[#This Row],[daily_sleep_hours]]<4,"< 4 hrs",stdsurvey[[#This Row],[daily_sleep_hours]]<=6,"4-6 hrs",stdsurvey[[#This Row],[daily_sleep_hours]]<=8,"6-8 hrs",TRUE,"> 8 hrs")} -> 4-6 hrs | Y89: Female
A90: STU1086 | B90: 23 | C90: male | D90: 4 | E90: Health Sciences | F90: 7.3 | G90: 6.5 | H90: 1 | I90: 2 | J90: 10 | K90: {=_xlfn.IFS(stdsurvey[[#This Row],[phq9_score]]="","Answer Not Provided",stdsurvey[[#This Row],[phq9_score]]<=4,"Minimal",stdsurvey[[#This Row],[phq9_score]]<=9,"Mild",stdsurvey[[#This Row],[phq9_score]]<=14,"Moderate",stdsurvey[[#This Row],[phq9_score]]<=19,"Moderately Severe",stdsurvey[[#This Row],[phq9_score]]<=27,"Severe")} -> Minimal | L90: 8 | M90: {=_xlfn.IFS(stdsurvey[[#This Row],[gad7_score]]="","Answer Not Provided",stdsurvey[[#This Row],[gad7_score]]<=4,"Minimal",stdsurvey[[#This Row],[gad7_score]]<=9,"Mild",stdsurvey[[#This Row],[gad7_score]]<=14,"Moderate",stdsurvey[[#This Row],[gad7_score]]<=21,"Severe")} -> Moderate | N90: 23 | O90: {=_xlfn.IFS(stdsurvey[[#This Row],[perceived_stress_scale]]="","Answer Not Provided",stdsurvey[[#This Row],[perceived_stress_scale]]<=13,"Low Stress",stdsurvey[[#This Row],[perceived_stress_scale]]<=26,"Moderate Stress",stdsurvey[[#This Row],[perceived_stress_scale]]<=40,"High Stress")} -> Low Stress | P90: 77.6 | Q90: 1 | R90: {=_xlfn.IFS(stdsurvey[[#This Row],[class_attendance_percent]]<60,"Less than 0%",stdsurvey[[#This Row],[class_attendance_percent]]<70,"60-70 %",stdsurvey[[#This Row],[class_attendance_percent]]<80, "70-80%",stdsurvey[[#This Row],[class_attendance_percent]]<90,"80-90%",TRUE,"More than 90%")} -> 70-80% | S90: No | T90: 2 | U90: Spring | V90: 3.37 | W90: {=_xlfn.IFS( stdsurvey[[#This Row],[daily_screen_time_hours]]<1,"<1 hr", stdsurvey[[#This Row],[daily_screen_time_hours]]<4,"1-4 hrs", stdsurvey[[#This Row],[daily_screen_time_hours]]<8,"4-8 hrs", stdsurvey[[#This Row],[daily_screen_time_hours]]<12,"8-12 hrs", stdsurvey[[#This Row],[daily_screen_time_hours]]<=16,"12-16 hrs", TRUE,">16 hrs" )} -> 4-8 hrs | X90: {=_xlfn.IFS(stdsurvey[[#This Row],[daily_sleep_hours]]<4,"< 4 hrs",stdsurvey[[#This Row],[daily_sleep_hours]]<=6,"4-6 hrs",stdsurvey[[#This Row],[daily_sleep_hours]]<=8,"6-8 hrs",TRUE,"> 8 hrs")} -> 6-8 hrs | Y90: Male
A91: STU1087 | B91: 21 | C91: Male | D91: 4 | E91: STEM | F91: 6.5 | G91: 1 | H91: 4 | I91: 2 | J91: 3 | K91: {=_xlfn.IFS(stdsurvey[[#This Row],[phq9_score]]="","Answer Not Provided",stdsurvey[[#This Row],[phq9_score]]<=4,"Minimal",stdsurvey[[#This Row],[phq9_score]]<=9,"Mild",stdsurvey[[#This Row],[phq9_score]]<=14,"Moderate",stdsurvey[[#This Row],[phq9_score]]<=19,"Moderately Severe",stdsurvey[[#This Row],[phq9_score]]<=27,"Severe")} -> Minimal | L91: 8 | M91: {=_xlfn.IFS(stdsurvey[[#This Row],[gad7_score]]="","Answer Not Provided",stdsurvey[[#This Row],[gad7_score]]<=4,"Minimal",stdsurvey[[#This Row],[gad7_score]]<=9,"Mild",stdsurvey[[#This Row],[gad7_score]]<=14,"Moderate",stdsurvey[[#This Row],[gad7_score]]<=21,"Severe")} -> Minimal | N91: 19.7 | O91: {=_xlfn.IFS(stdsurvey[[#This Row],[perceived_stress_scale]]="","Answer Not Provided",stdsurvey[[#This Row],[perceived_stress_scale]]<=13,"Low Stress",stdsurvey[[#This Row],[perceived_stress_scale]]<=26,"Moderate Stress",stdsurvey[[#This Row],[perceived_stress_scale]]<=40,"High Stress")} -> Low Stress | P91: 90.5 | Q91: 4 | R91: {=_xlfn.IFS(stdsurvey[[#This Row],[class_attendance_percent]]<60,"Less than 0%",stdsurvey[[#This Row],[class_attendance_percent]]<70,"60-70 %",stdsurvey[[#This Row],[class_attendance_percent]]<80, "70-80%",stdsurvey[[#This Row],[class_attendance_percent]]<90,"80-90%",TRUE,"More than 90%")} -> More than 90% | S91: Yes | T91: 5 | U91: Spring | V91: 3.29 | W91: {=_xlfn.IFS( stdsurvey[[#This Row],[daily_screen_time_hours]]<1,"<1 hr", stdsurvey[[#This Row],[daily_screen_time_hours]]<4,"1-4 hrs", stdsurvey[[#This Row],[daily_screen_time_hours]]<8,"4-8 hrs", stdsurvey[[#This Row],[daily_screen_time_hours]]<12,"8-12 hrs", stdsurvey[[#This Row],[daily_screen_time_hours]]<=16,"12-16 hrs", TRUE,">16 hrs" )} -> 1-4 hrs | X91: {=_xlfn.IFS(stdsurvey[[#This Row],[daily_sleep_hours]]<4,"< 4 hrs",stdsurvey[[#This Row],[daily_sleep_hours]]<=6,"4-6 hrs",stdsurvey[[#This Row],[daily_sleep_hours]]<=8,"6-8 hrs",TRUE,"> 8 hrs")} -> 6-8 hrs | Y91: Male
A92: STU1088 | B92: 22 | C92: Female | D92: 3 | E92: STEM | F92: 5 | G92: 8.7 | H92: 0 | I92: 7 | J92: 6 | K92: {=_xlfn.IFS(stdsurvey[[#This Row],[phq9_score]]="","Answer Not Provided",stdsurvey[[#This Row],[phq9_score]]<=4,"Minimal",stdsurvey[[#This Row],[phq9_score]]<=9,"Mild",stdsurvey[[#This Row],[phq9_score]]<=14,"Moderate",stdsurvey[[#This Row],[phq9_score]]<=19,"Moderately Severe",stdsurvey[[#This Row],[phq9_score]]<=27,"Severe")} -> Mild | L92: 18 | M92: {=_xlfn.IFS(stdsurvey[[#This Row],[gad7_score]]="","Answer Not Provided",stdsurvey[[#This Row],[gad7_score]]<=4,"Minimal",stdsurvey[[#This Row],[gad7_score]]<=9,"Mild",stdsurvey[[#This Row],[gad7_score]]<=14,"Moderate",stdsurvey[[#This Row],[gad7_score]]<=21,"Severe")} -> Mild | N92: 17.5 | O92: {=_xlfn.IFS(stdsurvey[[#This Row],[perceived_stress_scale]]="","Answer Not Provided",stdsurvey[[#This Row],[perceived_stress_scale]]<=13,"Low Stress",stdsurvey[[#This Row],[perceived_stress_scale]]<=26,"Moderate Stress",stdsurvey[[#This Row],[perceived_stress_scale]]<=40,"High Stress")} -> Moderate Stress | P92: 76.9 | Q92: 4 | R92: {=_xlfn.IFS(stdsurvey[[#This Row],[class_attendance_percent]]<60,"Less than 0%",stdsurvey[[#This Row],[class_attendance_percent]]<70,"60-70 %",stdsurvey[[#This Row],[class_attendance_percent]]<80, "70-80%",stdsurvey[[#This Row],[class_attendance_percent]]<90,"80-90%",TRUE,"More than 90%")} -> 70-80% | S92: Yes | T92: 1 | U92: Spring | V92: 2.69 | W92: {=_xlfn.IFS( stdsurvey[[#This Row],[daily_screen_time_hours]]<1,"<1 hr", stdsurvey[[#This Row],[daily_screen_time_hours]]<4,"1-4 hrs", stdsurvey[[#This Row],[daily_screen_time_hours]]<8,"4-8 hrs", stdsurvey[[#This Row],[daily_screen_time_hours]]<12,"8-12 hrs", stdsurvey[[#This Row],[daily_screen_time_hours]]<=16,"12-16 hrs", TRUE,">16 hrs" )} -> 8-12 hrs | X92: {=_xlfn.IFS(stdsurvey[[#This Row],[daily_sleep_hours]]<4,"< 4 hrs",stdsurvey[[#This Row],[daily_sleep_hours]]<=6,"4-6 hrs",stdsurvey[[#This Row],[daily_sleep_hours]]<=8,"6-8 hrs",TRUE,"> 8 hrs")} -> 4-6 hrs | Y92: Female
A93: STU1089 | B93: 23 | C93: M | D93: 4 | E93: Health Sciences | F93: 9.3 | G93: 3.1 | H93: 3 | I93: 22 | J93: 18 | K93: {=_xlfn.IFS(stdsurvey[[#This Row],[phq9_score]]="","Answer Not Provided",stdsurvey[[#This Row],[phq9_score]]<=4,"Minimal",stdsurvey[[#This Row],[phq9_score]]<=9,"Mild",stdsurvey[[#This Row],[phq9_score]]<=14,"Moderate",stdsurvey[[#This Row],[phq9_score]]<=19,"Moderately Severe",stdsurvey[[#This Row],[phq9_score]]<=27,"Severe")} -> Severe | L93: 27 | M93: {=_xlfn.IFS(stdsurvey[[#This Row],[gad7_score]]="","Answer Not Provided",stdsurvey[[#This Row],[gad7_score]]<=4,"Minimal",stdsurvey[[#This Row],[gad7_score]]<=9,"Mild",stdsurvey[[#This Row],[gad7_score]]<=14,"Moderate",stdsurvey[[#This Row],[gad7_score]]<=21,"Severe")} -> Severe | N93: 6.6 | O93: {=_xlfn.IFS(stdsurvey[[#This Row],[perceived_stress_scale]]="","Answer Not Provided",stdsurvey[[#This Row],[perceived_stress_scale]]<=13,"Low Stress",stdsurvey[[#This Row],[perceived_stress_scale]]<=26,"Moderate Stress",stdsurvey[[#This Row],[perceived_stress_scale]]<=40,"High Stress")} -> High Stress | P93: 77.5 | Q93: 2 | R93: {=_xlfn.IFS(stdsurvey[[#This Row],[class_attendance_percent]]<60,"Less than 0%",stdsurvey[[#This Row],[class_attendance_percent]]<70,"60-70 %",stdsurvey[[#This Row],[class_attendance_percent]]<80, "70-80%",stdsurvey[[#This Row],[class_attendance_percent]]<90,"80-90%",TRUE,"More than 90%")} -> 70-80% | S93: Yes | T93: 3 | U93: Fall | V93: 2.1 | W93: {=_xlfn.IFS( stdsurvey[[#This Row],[daily_screen_time_hours]]<1,"<1 hr", stdsurvey[[#This Row],[daily_screen_time_hours]]<4,"1-4 hrs", stdsurvey[[#This Row],[daily_screen_time_hours]]<8,"4-8 hrs", stdsurvey[[#This Row],[daily_screen_time_hours]]<12,"8-12 hrs", stdsurvey[[#This Row],[daily_screen_time_hours]]<=16,"12-16 hrs", TRUE,">16 hrs" )} -> 1-4 hrs | X93: {=_xlfn.IFS(stdsurvey[[#This Row],[daily_sleep_hours]]<4,"< 4 hrs",stdsurvey[[#This Row],[daily_sleep_hours]]<=6,"4-6 hrs",stdsurvey[[#This Row],[daily_sleep_hours]]<=8,"6-8 hrs",TRUE,"> 8 hrs")} -> > 8 hrs | Y93: Male
A94: STU1090 | B94: 22 | C94: female | D94: 1 | E94: STEM | F94: 6.4 | G94: 6.9 | H94: 5 | I94: 6 | J94: 9 | K94: {=_xlfn.IFS(stdsurvey[[#This Row],[phq9_score]]="","Answer Not Provided",stdsurvey[[#This Row],[phq9_score]]<=4,"Minimal",stdsurvey[[#This Row],[phq9_score]]<=9,"Mild",stdsurvey[[#This Row],[phq9_score]]<=14,"Moderate",stdsurvey[[#This Row],[phq9_score]]<=19,"Moderately Severe",stdsurvey[[#This Row],[phq9_score]]<=27,"Severe")} -> Mild | L94: 14 | M94: {=_xlfn.IFS(stdsurvey[[#This Row],[gad7_score]]="","Answer Not Provided",stdsurvey[[#This Row],[gad7_score]]<=4,"Minimal",stdsurvey[[#This Row],[gad7_score]]<=9,"Mild",stdsurvey[[#This Row],[gad7_score]]<=14,"Moderate",stdsurvey[[#This Row],[gad7_score]]<=21,"Severe")} -> Mild | N94: 21.4 | O94: {=_xlfn.IFS(stdsurvey[[#This Row],[perceived_stress_scale]]="","Answer Not Provided",stdsurvey[[#This Row],[perceived_stress_scale]]<=13,"Low Stress",stdsurvey[[#This Row],[perceived_stress_scale]]<=26,"Moderate Stress",stdsurvey[[#This Row],[perceived_stress_scale]]<=40,"High Stress")} -> Moderate Stress | P94: 85.7 | Q94: 4 | R94: {=_xlfn.IFS(stdsurvey[[#This Row],[class_attendance_percent]]<60,"Less than 0%",stdsurvey[[#This Row],[class_attendance_percent]]<70,"60-70 %",stdsurvey[[#This Row],[class_attendance_percent]]<80, "70-80%",stdsurvey[[#This Row],[class_attendance_percent]]<90,"80-90%",TRUE,"More than 90%")} -> 80-90% | S94: No | T94: 4 | U94: Spring | W94: {=_xlfn.IFS( stdsurvey[[#This Row],[daily_screen_time_hours]]<1,"<1 hr", stdsurvey[[#This Row],[daily_screen_time_hours]]<4,"1-4 hrs", stdsurvey[[#This Row],[daily_screen_time_hours]]<8,"4-8 hrs", stdsurvey[[#This Row],[daily_screen_time_hours]]<12,"8-12 hrs", stdsurvey[[#This Row],[daily_screen_time_hours]]<=16,"12-16 hrs", TRUE,">16 hrs" )} -> 4-8 hrs | X94: {=_xlfn.IFS(stdsurvey[[#This Row],[daily_sleep_hours]]<4,"< 4 hrs",stdsurvey[[#This Row],[daily_sleep_hours]]<=6,"4-6 hrs",stdsurvey[[#This Row],[daily_sleep_hours]]<=8,"6-8 hrs",TRUE,"> 8 hrs")} -> 6-8 hrs | Y94: Female
A95: STU1091 | B95: 23 | C95: M | D95: 4 | E95: Humanities | F95: 5.3 | G95: 3.3 | H95: 4 | I95: 6 | J95: 8 | K95: {=_xlfn.IFS(stdsurvey[[#This Row],[phq9_score]]="","Answer Not Provided",stdsurvey[[#This Row],[phq9_score]]<=4,"Minimal",stdsurvey[[#This Row],[phq9_score]]<=9,"Mild",stdsurvey[[#This Row],[phq9_score]]<=14,"Moderate",stdsurvey[[#This Row],[phq9_score]]<=19,"Moderately Severe",stdsurvey[[#This Row],[phq9_score]]<=27,"Severe")} -> Mild | L95: 8 | M95: {=_xlfn.IFS(stdsurvey[[#This Row],[gad7_score]]="","Answer Not Provided",stdsurvey[[#This Row],[gad7_score]]<=4,"Minimal",stdsurvey[[#This Row],[gad7_score]]<=9,"Mild",stdsurvey[[#This Row],[gad7_score]]<=14,"Moderate",stdsurvey[[#This Row],[gad7_score]]<=21,"Severe")} -> Mild | N95: 11.1 | O95: {=_xlfn.IFS(stdsurvey[[#This Row],[perceived_stress_scale]]="","Answer Not Provided",stdsurvey[[#This Row],[perceived_stress_scale]]<=13,"Low Stress",stdsurvey[[#This Row],[perceived_stress_scale]]<=26,"Moderate Stress",stdsurvey[[#This Row],[perceived_stress_scale]]<=40,"High Stress")} -> Low Stress | P95: 70 | Q95: 5 | R95: {=_xlfn.IFS(stdsurvey[[#This Row],[class_attendance_percent]]<60,"Less than 0%",stdsurvey[[#This Row],[class_attendance_percent]]<70,"60-70 %",stdsurvey[[#This Row],[class_attendance_percent]]<80, "70-80%",stdsurvey[[#This Row],[class_attendance_percent]]<90,"80-90%",TRUE,"More than 90%")} -> 70-80% | S95: Yes | T95: 4 | U95: Summer | V95: 2.75 | W95: {=_xlfn.IFS( stdsurvey[[#This Row],[daily_screen_time_hours]]<1,"<1 hr", stdsurvey[[#This Row],[daily_screen_time_hours]]<4,"1-4 hrs", stdsurvey[[#This Row],[daily_screen_time_hours]]<8,"4-8 hrs", stdsurvey[[#This Row],[daily_screen_time_hours]]<12,"8-12 hrs", stdsurvey[[#This Row],[daily_screen_time_hours]]<=16,"12-16 hrs", TRUE,">16 hrs" )} -> 1-4 hrs | X95: {=_xlfn.IFS(stdsurvey[[#This Row],[daily_sleep_hours]]<4,"< 4 hrs",stdsurvey[[#This Row],[daily_sleep_hours]]<=6,"4-6 hrs",stdsurvey[[#This Row],[daily_sleep_hours]]<=8,"6-8 hrs",TRUE,"> 8 hrs")} -> 4-6 hrs | Y95: Male
A96: STU1092 | B96: 21 | C96: Male | D96: 1 | E96: Social Sciences | F96: 5.2 | G96: 4.7 | H96: 5 | I96: 6 | J96: 2 | K96: {=_xlfn.IFS(stdsurvey[[#This Row],[phq9_score]]="","Answer Not Provided",stdsurvey[[#This Row],[phq9_score]]<=4,"Minimal",stdsurvey[[#This Row],[phq9_score]]<=9,"Mild",stdsurvey[[#This Row],[phq9_score]]<=14,"Moderate",stdsurvey[[#This Row],[phq9_score]]<=19,"Moderately Severe",stdsurvey[[#This Row],[phq9_score]]<=27,"Severe")} -> Mild | L96: 15 | M96: {=_xlfn.IFS(stdsurvey[[#This Row],[gad7_score]]="","Answer Not Provided",stdsurvey[[#This Row],[gad7_score]]<=4,"Minimal",stdsurvey[[#This Row],[gad7_score]]<=9,"Mild",stdsurvey[[#This Row],[gad7_score]]<=14,"Moderate",stdsurvey[[#This Row],[gad7_score]]<=21,"Severe")} -> Minimal | N96: 14.7 | O96: {=_xlfn.IFS(stdsurvey[[#This Row],[perceived_stress_scale]]="","Answer Not Provided",stdsurvey[[#This Row],[perceived_stress_scale]]<=13,"Low Stress",stdsurvey[[#This Row],[perceived_stress_scale]]<=26,"Moderate Stress",stdsurvey[[#This Row],[perceived_stress_scale]]<=40,"High Stress")} -> Moderate Stress | P96: 70.1 | Q96: 4 | R96: {=_xlfn.IFS(stdsurvey[[#This Row],[class_attendance_percent]]<60,"Less than 0%",stdsurvey[[#This Row],[class_attendance_percent]]<70,"60-70 %",stdsurvey[[#This Row],[class_attendance_percent]]<80, "70-80%",stdsurvey[[#This Row],[class_attendance_percent]]<90,"80-90%",TRUE,"More than 90%")} -> 70-80% | S96: Yes | T96: 2 | U96: Spring | V96: 2.8 | W96: {=_xlfn.IFS( stdsurvey[[#This Row],[daily_screen_time_hours]]<1,"<1 hr", stdsurvey[[#This Row],[daily_screen_time_hours]]<4,"1-4 hrs", stdsurvey[[#This Row],[daily_screen_time_hours]]<8,"4-8 hrs", stdsurvey[[#This Row],[daily_screen_time_hours]]<12,"8-12 hrs", stdsurvey[[#This Row],[daily_screen_time_hours]]<=16,"12-16 hrs", TRUE,">16 hrs" )} -> 4-8 hrs | X96: {=_xlfn.IFS(stdsurvey[[#This Row],[daily_sleep_hours]]<4,"< 4 hrs",stdsurvey[[#This Row],[daily_sleep_hours]]<=6,"4-6 hrs",stdsurvey[[#This Row],[daily_sleep_hours]]<=8,"6-8 hrs",TRUE,"> 8 hrs")} -> 4-6 hrs | Y96: Male
A97: STU1093 | B97: 21 | C97: Female | D97: 1 | E97: STEM | F97: 5.2 | G97: 1.7 | H97: 2 | I97: 6 | J97: 7 | K97: {=_xlfn.IFS(stdsurvey[[#This Row],[phq9_score]]="","Answer Not Provided",stdsurvey[[#This Row],[phq9_score]]<=4,"Minimal",stdsurvey[[#This Row],[phq9_score]]<=9,"Mild",stdsurvey[[#This Row],[phq9_score]]<=14,"Moderate",stdsurvey[[#This Row],[phq9_score]]<=19,"Moderately Severe",stdsurvey[[#This Row],[phq9_score]]<=27,"Severe")} -> Mild | L97: 11 | M97: {=_xlfn.IFS(stdsurvey[[#This Row],[gad7_score]]="","Answer Not Provided",stdsurvey[[#This Row],[gad7_score]]<=4,"Minimal",stdsurvey[[#This Row],[gad7_score]]<=9,"Mild",stdsurvey[[#This Row],[gad7_score]]<=14,"Moderate",stdsurvey[[#This Row],[gad7_score]]<=21,"Severe")} -> Mild | N97: 2.2 | O97: {=_xlfn.IFS(stdsurvey[[#This Row],[perceived_stress_scale]]="","Answer Not Provided",stdsurvey[[#This Row],[perceived_stress_scale]]<=13,"Low Stress",stdsurvey[[#This Row],[perceived_stress_scale]]<=26,"Moderate Stress",stdsurvey[[#This Row],[perceived_stress_scale]]<=40,"High Stress")} -> Low Stress | P97: 86 | Q97: 4 | R97: {=_xlfn.IFS(stdsurvey[[#This Row],[class_attendance_percent]]<60,"Less than 0%",stdsurvey[[#This Row],[class_attendance_percent]]<70,"60-70 %",stdsurvey[[#This Row],[class_attendance_percent]]<80, "70-80%",stdsurvey[[#This Row],[class_attendance_percent]]<90,"80-90%",TRUE,"More than 90%")} -> 80-90% | S97: No | T97: 4 | U97: Fall | V97: 2.33 | W97: {=_xlfn.IFS( stdsurvey[[#This Row],[daily_screen_time_hours]]<1,"<1 hr", stdsurvey[[#This Row],[daily_screen_time_hours]]<4,"1-4 hrs", stdsurvey[[#This Row],[daily_screen_time_hours]]<8,"4-8 hrs", stdsurvey[[#This Row],[daily_screen_time_hours]]<12,"8-12 hrs", stdsurvey[[#This Row],[daily_screen_time_hours]]<=16,"12-16 hrs", TRUE,">16 hrs" )} -> 1-4 hrs | X97: {=_xlfn.IFS(stdsurvey[[#This Row],[daily_sleep_hours]]<4,"< 4 hrs",stdsurvey[[#This Row],[daily_sleep_hours]]<=6,"4-6 hrs",stdsurvey[[#This Row],[daily_sleep_hours]]<=8,"6-8 hrs",TRUE,"> 8 hrs")} -> 4-6 hrs | Y97: Female
